"","series_markedness_fullness"
"aari1239",3.22711727425267
"abar1238",4.94243463073174
"abau1245",3.43486563298555
"abid1235",3.77726946762014
"abkh1244",2.35145706650574
"abua1244",4.68828275039959
"abur1243",4.10669077096628
"acat1239",2.6182579455408
"acha1249",2.99616020684668
"acha1250",3.10839660829938
"ache1245",4.93459547147507
"ache1246",2.72402674842186
"achi1257",4.02540393296747
"achu1247",3.38541227238082
"achu1248",2.63065561356015
"acol1236",4.91318525488452
"adam1253",4.02542268378921
"adan1247",3.85387180732887
"adan1251",2.94242934851119
"adio1239",3.6936494692078
"adny1235",4.80786275184204
"adyg1241",2.13737521411697
"adze1240",3.90598752047511
"afad1236",2.53539998994723
"afar1241",2.98233035346887
"afit1238",4.51737539533677
"aghe1239",4.07450923110849
"agua1253",2.57949746174622
"ahan1243",3.71682467043478
"ahan1244",4.39995885118717
"aheu1239",2.72052679737743
"ahte1237",3.46577492957253
"ainu1240",2.14679363241659
"ajab1235",3.96214121805873
"ajas1235",5.2972663043042
"ajyi1238",3.42176772004378
"akan1250",3.73743847676848
"akas1242",4.2906566792604
"akaw1239",3.74169841382407
"akha1245",2.91569409810488
"akla1241",3.92877998290812
"akoo1248",4.24587302611746
"akpe1248",4.80074518612884
"akun1241",2.78752828133688
"alab1237",3.23129098245045
"alab1254",3.02689806428808
"alam1246",3.74915351359772
"alaw1244",3.13327812084235
"aleu1260",3.56475188042383
"alla1248",3.60597059477099
"alut1245",2.76381675252137
"alya1239",4.89459975176786
"amah1246",3.18346001422819
"aman1265",4.64190945022137
"amar1271",5.51071718305253
"amar1274",3.56446876707147
"amas1236",4.69111337456402
"ambe1247",4.08572852477732
"ambu1247",3.12274698902695
"amdo1237",2.91317356203678
"amel1241",3.66539934314677
"amha1245",2.960452007351
"amii1238",3.83780893859602
"amoo1242",4.67507200473925
"amun1246",2.96453516920976
"ande1247",4.61094798917171
"andi1255",1.86945564382507
"anei1239",3.66980105821651
"anfi1235",3.11415933053645
"anga1288",2.35366831538309
"anga1290",3.98800081682035
"anii1245",4.0389890452042
"anin1240",4.66165931983675
"anta1253",5.02411956214058
"anua1242",5.26116539625917
"anuf1239",3.84124681242161
"anyi1244",3.71669698919822
"anyi1245",3.75692240229965
"aona1235",2.44258107598886
"apal1257",3.82283266012542
"apat1240",2.96881703569773
"apin1244",3.42164516156846
"apro1235",4.13402315940023
"apur1254",3.19113323122047
"arab1268",3.76796155104803
"arag1245",1.23382503697548
"aran1237",3.11424332085449
"arao1248",3.30968202387916
"araw1273",3.0094409048396
"araw1276",3.42036696454601
"arbe1236",1.58063662206612
"arbo1245",3.32307059074639
"arch1244",1.87444834072347
"argo1244",3.10193761550644
"arhu1242",3.10481158762293
"arik1265",3.35633251497709
"arin1244",5.14471865589074
"asha1243",3.41124009826019
"ashe1272",3.23229095712272
"assa1263",1.82505949834155
"astu1245",1.40754805943698
"atay1247",4.07307910057771
"atti1239",3.98583500517786
"auuu1241",3.31703418057556
"avac1239",3.09368214363332
"avar1256",1.86280255758822
"avat1244",4.1545980789413
"avik1243",3.75387888033404
"avok1242",4.96463125427212
"awac1239",3.10219741038243
"awad1243",1.84174300906234
"awar1248",3.76427088331856
"awet1244",3.17240396726995
"awin1248",4.14287175645925
"awiy1238",4.72024091287606
"awng1244",3.09606508968623
"awtu1239",3.85614204304204
"axiy1235",3.02336079967162
"ayac1239",3.43333473210639
"ayer1245",4.50538617335025
"ayor1240",3.1848251503935
"baan1242",4.59900189789905
"baat1238",4.17609403204418
"baba1264",4.15162629590056
"baba1266",4.34461463218961
"bada1257",1.44371617127715
"bade1248",2.54429871358399
"bady1239",4.01307857273985
"bafa1247",4.1907972549404
"bafa1249",4.01264635082596
"bafi1243",4.14021621225119
"bafu1246",4.25278667138221
"baga1272",4.31360611143546
"baga1273",4.30277996851129
"bagi1246",4.72165663576873
"baim1244",3.09762746408215
"baka1272",4.11615655268283
"baka1273",4.23909364519007
"baka1274",4.6788560038712
"baka1277",3.4247880968291
"bakh1245",1.78482461262474
"bako1249",4.49351970998633
"bako1250",4.38277888254555
"bala1302",4.27676761219979
"bali1278",4.06130392773088
"balt1258",2.94759912854439
"bamb1262",3.76329381936319
"bamb1265",4.25447168936768
"bamb1269",4.34220887103586
"bame1260",4.22399510260438
"bamu1253",4.12704471489296
"bamu1256",3.96274294107602
"bana1305",2.55760606418636
"band1345",4.26023578236933
"band1352",4.39483951500935
"bang1356",4.2243049392315
"bani1255",3.26088584348082
"bank1256",4.35318065869082
"baou1238",3.76355653115978
"bara1380",3.13334029390076
"bard1255",4.74570035783696
"bare1276",3.08968912450472
"bare1279",2.54918679183885
"bari1286",4.09896725772711
"bari1297",3.13435757367346
"baru1269",3.70577087780519
"basa1284",4.56191382585889
"bash1264",2.071491268956
"bass1260",4.31240371589077
"bata1285",4.39748067321257
"bata1289",3.78510612386268
"bata1293",3.86934023528041
"bats1242",1.96179582213595
"baur1253",3.0388084765881
"bayu1240",4.93047283819355
"beem1239",4.34462320063503
"befa1241",4.21509071035837
"begb1241",4.4625302944609
"beja1238",2.83378421558326
"bekw1241",4.77937134536747
"bela1255",4.27874040872083
"bela1256",5.04558183468634
"bela1260",3.95026766641433
"belh1239",3.24418540834344
"bell1243",3.85279055534894
"bemb1257",4.14331809167068
"bena1262",4.05401694661069
"benc1235",2.95708279152152
"beng1280",1.66174637739366
"beng1286",4.46916049028706
"bero1242",4.43667528899004
"besi1244",2.48363015854663
"bett1235",1.3564173861662
"bhel1238",3.97557308921969
"bhil1251",1.87492482551803
"bhoj1244",1.69560671969843
"biak1248",3.96292533125333
"bial1238",4.24323490608685
"bidy1243",4.74765922015426
"bidy1244",4.29398968764505
"bila1255",3.99291032268671
"bili1260",2.90921437849996
"bimo1239",4.25592742862784
"bina1277",3.54625724523332
"bini1246",4.56526728999734
"binu1245",4.33775282013201
"biss1248",4.68012730499627
"blan1242",2.32808691098061
"bodo1267",2.66405188502522
"bodo1269",2.77383291016292
"boik1241",2.78042878297936
"boko1266",4.68970482196673
"bomi1238",4.41894582228236
"bona1250",2.52343133980404
"bond1245",2.70967073743544
"bong1285",4.58543384463664
"bora1263",3.24132252244251
"bora1271",3.00505709090874
"bord1248",2.76498911190845
"boro1277",3.0714462677313
"boro1282",3.16005792701285
"boun1243",4.48385220257268
"bouy1240",3.01997266330254
"brah1256",1.47522663431941
"bret1244",1.63750553021888
"brib1243",2.75016341181847
"brok1247",1.67498775615234
"buam1238",4.32289005581295
"budu1250",3.92919954701587
"bugi1244",4.1239123643399
"bujh1238",2.62892030561011
"buku1249",4.06512949057171
"bulg1262",1.5000063984762
"buli1254",4.22402788909432
"bulu1251",4.41423403865059
"bumb1241",3.14016818599757
"bumm1238",4.20543944375977
"buna1275",4.60886621252471
"bund1253",1.78102580102157
"buol1237",3.61431801332677
"bura1267",4.12688875782659
"burj1242",2.88831983560528
"buru1301",4.87425569577373
"busa1253",4.51237841853431
"buwa1243",2.36716417284922
"cabi1241",3.08948645402191
"cacu1241",3.0903070476692
"cadd1256",2.49711712283682
"caja1238",3.28767086661494
"came1252",4.21781680684309
"camp1261",1.25205891776964
"cane1242",3.33439256005454
"capa1241",3.39170956307725
"caqu1242",3.44146484171794
"cara1272",3.42342073132859
"cari1279",3.71588932659417
"carn1240",2.75499945610297
"cash1251",3.77249864111932
"cash1254",3.21909226694832
"cavi1250",3.11474584099385
"ceba1235",4.18402754676346
"cebu1242",3.78545003786542
"cent1972",1.79348213664692
"cent1973",1.72723625306846
"cent1989",2.87225912550482
"cent1990",2.72974103636453
"cent2004",2.87371720158154
"cent2018",4.08210495996396
"cent2050",4.5493137178381
"cent2087",3.764243752946
"cent2092",4.16100362165493
"cent2128",3.12314895935039
"cent2142",2.82146574403046
"cent2144",2.91613782717413
"cent2150",3.19313874698629
"cent2194",3.33443783134109
"cerm1238",4.07300735111555
"chac1249",2.97211769382407
"chac1250",3.51164358812403
"chac1251",3.38324588874663
"chal1275",2.583564711809
"cham1312",4.04831453187039
"cham1315",3.1816567098441
"cham1318",3.11891289145661
"chan1310",2.98875437160846
"chau1259",2.91204169484712
"chay1248",2.20643910095912
"chec1245",1.9639737835232
"chee1238",4.6991851962018
"chen1255",1.69072321066824
"chep1245",2.72039523504178
"cher1271",3.66715298763538
"cher1273",3.11533812495066
"chic1270",3.44336919120608
"chim1300",3.52922731413254
"chim1302",3.61950051480751
"chim1309",3.17818139438571
"chip1261",3.08982073078174
"chip1262",2.99835802962991
"chiq1248",3.07639154495372
"chiq1250",2.76888216546788
"chir1286",3.05222062128213
"choc1276",3.417990486077
"chok1243",2.37757182527885
"chol1282",3.20675142403226
"chon1284",2.59117795877577
"chon1287",4.26316762829041
"chra1242",2.41767024785535
"chua1250",3.96657759412697
"chuk1273",3.02761655021355
"chum1261",3.81418575876563
"chuv1255",2.01936359517363
"coca1259",2.86138448855809
"coeu1236",4.06898653801619
"cogu1240",3.15540447296233
"colo1256",3.11426434778069
"coma1245",3.61967538910432
"como1259",3.75506387018632
"copa1236",3.34303474519082
"coro1247",3.49823124785805
"cros1244",4.26578848162022
"crow1244",3.15037090902887
"cube1242",3.3900765379093
"cuib1242",2.68711724532073
"culi1244",2.96954857610034
"curr1243",3.18634009299824
"cusc1236",3.39740498282839
"cuvo1236",2.728655646138
"czec1258",1.35108161245945
"dadi1250",4.88956909987318
"dagb1246",4.29008484258431
"dagi1241",5.19152621346974
"daha1245",2.99033217741911
"dakp1242",3.13708194986125
"dalo1238",3.75411659397716
"dang1274",2.53603535672978
"dani1285",1.18882205423288
"dann1241",4.27418820057438
"darf1239",3.69593752375683
"dark1243",2.32763121567113
"darl1243",5.13614127189187
"darm1243",3.05568407305843
"daur1238",2.22443721331294
"dawr1236",3.36434745190502
"daww1239",4.11705905081259
"daza1242",4.94769562320246
"defa1248",4.40319992077172
"dege1246",4.79539704093515
"degg1238",4.08122430203055
"deni1241",2.87901928408171
"deny1238",4.66069919941335
"dera1245",3.48802087889006
"dera1248",2.84359069849301
"desa1247",3.18185060440159
"dghw1239",2.56048608527236
"dhal1245",4.92702569614944
"dhan1270",5.01489812976099
"dhar1247",4.84950159700708
"dhim1246",3.07946952286948
"dhiv1236",1.90689619186899
"dhuw1249",4.94328115026403
"dibo1245",4.47834496650326
"didi1258",5.68618185175914
"dido1241",1.99414453319079
"dier1241",5.24766071896558
"digo1243",4.24552226806529
"dime1235",3.26211284233385
"diml1238",2.07127139505256
"diri1252",4.2532155439456
"dita1238",4.17356490537426
"dizi1235",5.04508649040235
"djam1255",3.89833441105837
"djam1256",5.02956456735634
"djau1244",4.93396597617495
"djee1236",4.01726963539318
"djeo1235",3.3024935755814
"djin1251",4.24876695097095
"djin1252",4.65439451694028
"djin1253",4.78493301644681
"dobu1241",3.71339201716031
"dolg1241",2.19526094159674
"doma1258",1.68549742107094
"domp1238",3.9930019485813
"dong1285",2.52169116438312
"doya1240",4.25371725604593
"dual1243",4.45199256993386
"dupa1235",4.011922515618
"duru1236",1.98972079873209
"duru1249",4.3234478845637
"dutc1256",1.16971098859762
"dyaa1242",4.56990811029755
"dyir1250",4.85379964719071
"dyul1238",4.22368481816171
"dzal1238",3.23489976283114
"dzon1239",3.10474508396772
"dzuu1241",3.89694141108927
"east2295",1.23664466190054
"east2304",1.93914566887957
"east2328",3.21854726967329
"east2337",2.29286074171149
"east2347",3.07949803406853
"east2379",4.84581277969184
"east2398",4.28995656196005
"east2426",4.34350405663017
"east2440",3.51225609977403
"east2516",4.27077060109369
"east2542",2.95588194626615
"east2555",2.90490913818567
"east2563",3.96409263822505
"east2652",3.07674693062351
"east2773",2.88600954272677
"ebir1243",4.24962086557417
"efik1245",4.48405714369999
"egaa1242",4.02597499006903
"eggo1239",4.74332249836309
"egyp1253",2.9009228227836
"ejag1239",4.72026505451472
"ekar1243",4.05053027233156
"ekpe1253",5.04193826938261
"elip1238",4.49326201322045
"eloy1241",4.43428382640744
"emai1241",4.63768045458583
"embe1259",3.31696061077238
"embe1260",3.27958311734891
"embe1262",2.97631499292125
"emer1243",3.06119323861902
"enap1235",3.61375288174173
"enaw1238",3.01228994492335
"enge1239",4.90900613715991
"epen1239",3.23338973501716
"erre1238",3.2685740925339
"ersu1241",2.9725073956769
"erzy1239",3.42403151329876
"esee1248",3.38718730697424
"esim1238",4.27231413940844
"esto1258",3.23227830583704
"eten1239",4.32382438984594
"eton1253",4.31145164717929
"even1259",2.84216690553991
"even1260",3.06324190001735
"ewee1241",3.96757534994142
"ewon1239",4.45451055706081
"faiw1243",4.37792718629938
"fali1285",2.56036883382395
"fang1246",4.43136651076642
"fang1248",4.43527877439335
"faro1244",1.25153939763802
"fefe1239",4.12870292749099
"fiji1243",3.6986956224507
"fili1244",3.68695274176471
"finn1318",3.210978683853
"fipa1238",4.24584248893084
"fonn1241",3.94935498668003
"food1238",3.8966236561538
"fore1265",3.62657909572091
"fore1274",3.68985837765485
"friu1240",1.40663403989207
"fuli1240",4.16934112690231
"furr1244",3.79836532814125
"furu1242",4.78922108110473
"fwee1238",4.31602652074975
"gaaa1244",3.79703203473393
"gaaa1245",4.31343016696626
"gaam1241",3.78928514730639
"gade1236",1.96287761126575
"gads1258",4.41962171798026
"gaga1249",2.27502062378916
"gagn1235",3.68393261569224
"gagu1242",4.45550435051298
"gali1258",1.34881512634736
"gali1262",3.80695346495954
"galo1242",2.8282989205915
"gami1243",5.18646497966287
"gamo1243",3.12923002895031
"gand1255",3.93353118835874
"gang1267",3.86619608865377
"gara1269",3.70988042152419
"garo1247",2.82785835661238
"gata1239",2.5989598196908
"gava1241",2.44917267188595
"gavi1246",3.13970789698923
"gayo1244",3.64419149564177
"gbag1258",4.34582721105723
"gbar1246",4.23090179331713
"gbay1281",4.30142899401611
"gbay1287",4.11370079105982
"gbay1288",4.99795976847932
"gbes1238",3.95158011894881
"genn1243",4.13755170897617
"gheg1238",1.58791717026339
"ghod1238",1.83416035023496
"ghom1247",4.27621691442224
"gida1247",2.52883057900126
"giky1238",3.908222529986
"gily1242",3.27892324402454
"giny1241",3.86645846050053
"giry1241",4.15676681118033
"glav1244",2.46281150847051
"godi1239",3.80041529692702
"goli1247",3.90852417753216
"gonj1241",3.94841515595574
"goon1238",4.48930453288114
"gour1243",4.20383269368104
"gras1249",4.12002225987716
"guah1255",2.50230247750843
"guaj1256",3.10502503109199
"guam1248",3.16470402643583
"guan1269",3.60022181830783
"guar1292",2.80784584425428
"guar1293",3.43575250543168
"guay1257",2.73064042531699
"gude1246",2.52256170080256
"guer1243",3.08919950338958
"gugu1254",5.21664648796918
"gugu1255",4.62368053608596
"guib1244",2.92150460644033
"guin1254",4.2445466480301
"guja1252",2.02304453432246
"guja1253",1.92856919121342
"guma1253",4.96832621506638
"gumu1244",2.34757610280046
"gunw1252",4.28879596264698
"guny1241",4.82102517311806
"gupa1247",4.94390781306979
"gura1252",3.97098706186717
"gurd1238",5.25021428561293
"guri1247",5.25834992667736
"guro1248",4.28608431826918
"guru1261",2.8465902177591
"guwa1243",4.76792674290022
"gwan1268",2.72463434383356
"gwen1239",4.01647697406621
"hadi1240",2.91050526260673
"hain1253",4.20443141494199
"haka1240",2.59215268776225
"hakk1236",3.26026547642727
"halb1244",2.01464888957222
"halh1238",2.11805030888213
"halk1245",3.89469591164536
"hame1242",3.4600974614853
"hang1258",4.20123157657543
"hang1260",3.91201104262644
"hang1263",3.06204060614763
"hara1271",2.97804223309
"haus1257",2.58309495973372
"hawa1245",3.74996820380956
"haya1250",4.06851203244603
"hdii1240",2.5105231707212
"hebr1245",2.68085088192398
"heib1243",3.02878081807899
"hela1238",2.83059089816289
"here1253",4.07283690573168
"hili1240",3.77634190474493
"hind1269",1.62239479959427
"hixk1239",3.65335195700255
"hmon1264",4.10165851116091
"hoav1238",3.83975392185435
"holo1240",4.10839333433739
"hooo1248",2.69904637565555
"hopi1249",3.57850294031758
"huaa1248",3.62579328185757
"hual1241",3.54808751932231
"huam1247",2.55937797999441
"huam1248",3.51341115037848
"huar1255",3.58758102761224
"huas1242",3.48696087196088
"huay1240",3.52534138566466
"huba1236",2.17647761200752
"hueh1236",3.07784665987036
"huic1243",3.67300739980731
"huml1238",2.97129934376422
"hung1274",3.57132340515618
"hung1278",4.32733338400596
"hunz1247",1.68321472361277
"hupa1239",3.21015012887227
"hupd1244",4.20383596179581
"iaai1238",3.7063514297866
"iban1261",3.97951265934963
"iban1264",4.34270757895565
"ibib1240",4.39542554316148
"icel1247",1.32930992086068
"idaa1241",3.9911271343302
"idom1241",4.90095881194699
"ifee1241",4.33441837069332
"iged1239",5.05704489421792
"igna1246",3.35271967394689
"igoo1238",4.06309645584115
"ikkk1242",3.56689947182695
"ikpe1245",3.43872475535897
"ikwe1242",4.82265929541595
"ilok1237",4.15172227020624
"imba1240",3.56698021190889
"imon1245",4.7116799155396
"inap1243",3.22554465648639
"indo1316",4.08157122336298
"indo1317",3.93438022394269
"inga1252",3.67288472770141
"ingu1240",2.01224717692541
"inor1238",2.86112515164528
"iqui1243",3.69625278452034
"iraq1241",3.05978246625228
"irar1238",4.17678884809845
"irig1241",4.87724475979253
"iris1253",1.57525763132915
"irul1243",1.63161457048292
"ishk1246",1.88339642999668
"isok1239",4.72195386849867
"isth1244",2.98881250183378
"ital1282",1.18109769839464
"itel1242",3.23324837850112
"iumi1238",3.9490897609635
"ivat1242",3.93600221432051
"iwai1244",5.52085308471094
"iwam1256",3.56111019991057
"iyiv1238",4.07180435107575
"iyow1239",3.63996055585902
"izer1241",4.90647195742813
"izon1238",4.26300691376394
"jahh1242",2.39828420150241
"jama1261",3.03415642378589
"jams1239",4.82933558181442
"japh1234",2.96707310730881
"japr1238",3.47183973281229
"jaqa1244",2.83081127968573
"jaru1254",5.2425416122627
"jauj1238",3.51860977625467
"jaun1243",1.77690715295273
"java1254",3.81110873250672
"jebe1250",2.14112470127819
"jeme1245",2.97104356310419
"jenn1240",1.44535001470371
"jere1244",4.5322229277606
"jica1244",3.26043668455858
"jita1239",3.95533789969417
"jola1262",4.0745483650789
"jola1263",4.21127468299406
"jowu1238",3.91290104589346
"juan1238",2.76007820478706
"jude1256",1.92186609980686
"juho1239",3.22189879608708
"juma1249",2.79571645131779
"jumj1238",4.99860433024617
"jung1240",3.710627017212
"jurm1239",4.67966752923857
"juru1256",2.98717890688219
"kaba1278",2.24065481606336
"kabi1261",3.95664194891491
"kaby1243",3.13895595160391
"kach1280",2.50311437795148
"kadi1248",3.38910341409796
"kafa1242",2.99658220262529
"kagf1238",4.6702844331187
"kagu1239",4.03572070170888
"kahe1238",4.04792940623443
"kain1272",3.64034158979211
"kaiw1246",2.83356288682715
"kaka1265",4.29699341745602
"kako1242",4.33824162010188
"kala1377",4.6193595972392
"kala1381",3.88477324685609
"kala1399",3.20866120493939
"kalm1243",2.43287907194768
"kama1365",2.99769478216564
"kama1367",2.9959644106393
"kama1373",2.90893940981437
"kamb1297",4.19160398314964
"kamb1299",4.22794281468473
"kamb1316",2.99747088650963
"kamw1239",2.7232109774664
"kang1280",1.59611075283142
"kang1281",2.49165161403561
"kang1288",3.84048422471378
"kara1462",2.33026148976391
"kara1464",2.13310132250252
"kara1467",2.05931274095686
"kara1474",1.66224614494777
"kara1476",5.17007070513296
"kara1478",4.49776139801515
"kara1500",3.64985821078633
"karb1241",2.8153116946657
"kare1335",3.15668505365382
"kare1338",4.40723191260921
"kari1311",2.9257698462263
"kase1253",4.07209924020196
"kash1277",1.84929070461587
"katc1249",3.57312477101705
"kawa1283",3.80980315178289
"kaxa1239",3.70937719630339
"kaxu1237",3.32928903113717
"kaya1319",4.03162709966869
"kaya1329",2.74016012322136
"kaya1330",3.40358230406194
"kayt1238",4.75906295349326
"keig1242",3.0106450550358
"kekc1242",2.97270697450196
"kela1255",3.62898561568003
"kele1255",4.57402268877335
"keli1248",5.04607576122637
"keme1240",4.53350582286305
"kens1251",4.01775053643624
"keny1279",4.70467657806897
"keoo1238",4.17317580170079
"kera1255",2.61373866172239
"kete1252",4.22406698836002
"kett1243",2.6189515634408
"kgal1244",4.17556978754782
"khak1248",2.31091563238265
"kham1282",2.8749804662642
"khan1273",3.49829217543447
"khar1287",2.63217379271932
"khas1269",2.76516886738442
"khez1235",2.36734313415198
"khmu1256",2.55529745380436
"kich1262",3.10217466717534
"kiku1240",4.19697915570137
"kild1236",2.85035589937914
"kima1244",3.94574455783275
"kima1246",3.07798238599342
"kinn1249",2.96504934958634
"kiny1244",3.90553562134496
"kiow1266",3.22212358276014
"kips1239",4.46779938131708
"kirg1245",1.94770173500768
"kiri1254",4.23908583882545
"kisa1263",4.1598982496347
"kist1241",2.85032739338539
"kita1249",4.30982853556319
"kitj1240",4.02362339988449
"kitu1245",4.21692104019661
"klao1243",4.11375649797461
"koal1240",3.27923967393062
"koas1236",3.16310820716479
"koda1255",1.81398653176815
"kofy1242",2.50198862186834
"koho1244",2.60781011752506
"kohu1244",4.40718033579388
"koka1244",4.95530281489554
"kokb1239",2.90929242021772
"koko1269",4.16704187279599
"komc1235",4.33110646235008
"komi1268",3.20900921816808
"komi1269",3.45671032998434
"komi1277",3.24290134872314
"komo1258",4.29224797566867
"komo1260",4.00076267318077
"kond1295",1.7032702251156
"kond1303",2.95361469100071
"konk1267",1.7786950554529
"konk1269",4.18120839684525
"konn1242",4.16070707642303
"koon1245",4.31138653480371
"koor1239",3.40027725116824
"kore1280",2.58781326850513
"kore1283",3.08602649233583
"kork1243",2.63114759069823
"korr1238",1.83626605121965
"koru1247",3.3363989288405
"kory1246",2.87523884469275
"kosh1246",4.42556465579544
"kota1263",1.72802309843079
"kota1272",3.91507957944956
"koya1251",1.58926025900834
"koya1253",4.45261275773706
"koyr1240",4.91578264620909
"koyr1242",4.92691856165601
"kpan1246",4.65212065293237
"krac1238",3.80203739095984
"kren1239",4.28940955558976
"kris1246",4.09264753485405
"kron1241",3.57022491313635
"kuan1247",4.38261473148508
"kuii1252",1.82882904203974
"kuik1246",3.49948325576284
"kuka1246",5.03672529739735
"kuku1273",4.61913709963825
"kulu1253",2.71280738156595
"kuma1273",1.52599261441337
"kumb1268",4.74977508329635
"kumi1248",2.9159179556482
"kumy1244",2.074514800548
"kumz1235",2.00386051719793
"kung1258",4.85537745091937
"kung1261",3.22654411515526
"kuni1267",3.5723059681543
"kuni1268",2.80701687481358
"kunj1245",5.27722191507794
"kuny1238",4.46046746028098
"kuoo1238",4.14969498661992
"kups1238",4.47254086978214
"kura1250",4.32832952456967
"kuri1259",4.05278115376554
"kurr1243",4.95304392856426
"kurt1248",3.05187633153289
"kuru1302",1.21048235453545
"kusa1250",4.26692078141321
"kute1248",4.60197494830833
"kuuk1238",4.93750234769382
"kuvi1243",1.79454487818711
"kuwa1246",4.22079740333823
"kwai1243",4.04999340770491
"kwak1269",2.96094855257426
"kwam1249",4.0957712849919
"kwam1250",4.18545173351946
"kwam1251",4.22581100804853
"kwan1273",4.08789962908994
"kwan1276",4.17484308147675
"kway1241",3.98134674352319
"kwes1244",4.38285526895232
"kwin1241",3.36755625315182
"kwom1262",4.00111984560772
"kyen1242",4.63674437223207
"kyer1238",2.78105838622269
"lada1244",2.9486638039805
"lagw1237",2.63368229164927
"lahu1253",2.96611439709949
"lakk1238",2.78778863749855
"lakk1252",1.78703744727821
"lako1244",3.98214768390341
"lako1247",2.99428832297237
"lama1275",4.00547383356352
"lama1288",2.61561069712787
"lamb1269",1.77290131519787
"lamb1276",3.3877890727641
"lamn1239",4.41260243031296
"lamu1254",4.90592159545868
"lang1320",4.45004430228996
"lang1322",4.68992971312886
"lang1324",4.99398218614352
"laoo1244",2.63585563406532
"lard1243",4.01573670360009
"latu1238",3.63789788578695
"lave1249",2.35697879973514
"lazz1240",2.0760140897751
"leal1235",2.83901836246356
"lega1249",4.06327938446863
"legb1242",4.28718570864039
"lele1264",3.6004338628012
"lele1266",4.4092548728453
"lele1276",2.5918202311338
"lena1238",3.70502757249212
"lend1245",4.58295684831298
"leng1258",4.06318223903212
"lepc1244",2.85514222072951
"lese1243",4.66219847263695
"leti1246",4.05812092391135
"lezg1247",1.56488943574709
"libe1247",4.25823297096043
"liby1240",3.11951782590356
"ligb1244",4.26376295328906
"ligu1248",1.29353578126595
"liji1238",4.77339162969659
"lika1243",4.14406502280821
"limb1268",4.02945098927254
"lish1246",2.50348820135475
"lisu1250",3.00515519570381
"lith1251",1.52276951024884
"lizu1234",2.93493428343917
"logb1245",3.77013055248502
"logo1259",5.02168118847063
"loko1255",4.21283053039926
"loma1260",4.30759639152664
"long1387",4.31993104707424
"loni1238",3.91546596873081
"loth1237",2.3668546665418
"lowa1242",2.9516828702605
"lowe1385",1.45939812885218
"lowe1415",3.81199778541554
"loxi1235",3.4211579910548
"luch1239",4.09158084440669
"lugb1240",5.12925944382957
"lukp1238",3.9998620247943
"lumu1239",5.02676848362569
"lund1266",4.26372949350085
"luok1236",4.80758013685595
"lush1249",2.63590610070395
"lusi1240",4.01231286197627
"luuu1242",2.90197173439054
"luva1239",4.16471711648443
"luwo1239",5.00596294948143
"luxe1241",1.25606696273955
"luya1241",4.40266037312184
"lyel1241",4.09722460982159
"maas1239",4.08452720893945
"maay1238",3.16850692730738
"maba1273",5.01596554458651
"maba1277",2.53885291076621
"maca1259",2.96101879080008
"maca1260",3.59398226576161
"mace1250",1.46858052887086
"mach1266",3.93469309028116
"mach1267",3.48986313542943
"mach1268",3.09748757320299
"macu1259",3.55469613193278
"macu1260",3.12122053237481
"mada1282",4.6325804074528
"mada1293",2.55957663287945
"madi1260",5.15656081334177
"madn1237",5.19609627190471
"mafe1237",3.53284183550708
"maga1260",1.80430706091942
"mait1250",1.73800838227107
"maka1304",4.53805059570648
"maka1311",3.50697143296122
"mako1251",4.32205220689306
"maku1278",2.77546943557429
"mala1464",1.62542993394394
"mala1522",3.19245344899592
"mall1246",2.614166302358
"malo1243",3.8069235919335
"malt1254",3.21931132993476
"mama1271",4.46526707495314
"mama1278",3.69097572839988
"mamb1294",4.08754427309555
"mamb1296",4.19751801728726
"mamm1241",3.36953737591866
"mamp1244",4.31427024438369
"mana1288",2.96376579934002
"mana1295",3.98846616624378
"manc1252",2.65000201618468
"mand1415",3.15678544608646
"mand1436",4.20668825633996
"mang1381",3.44194272626739
"mang1382",3.27629410796212
"mang1394",4.88273636886932
"mani1292",2.76469999079978
"mann1248",4.18386112269469
"mans1258",3.73786253058468
"many1261",4.39288975093595
"maon1238",2.24325896995223
"maor1246",3.61590169728026
"mapo1246",3.69935645640272
"mapu1245",2.76686854824904
"maqu1238",3.75367209843967
"mara1378",1.76438252771861
"mara1385",3.08873843716309
"mara1386",3.79921540081611
"mara1404",3.52663298149038
"marg1251",3.1255647827276
"marg1253",5.0340326537016
"marg1265",2.13679302956756
"mari1417",3.3658286311343
"mari1419",3.69145821854759
"mari1424",3.15871025577199
"mart1254",3.5356446806343
"mart1255",4.78820227766324
"marw1260",1.87022398479051
"masa1299",4.07219343627229
"matb1237",3.99589338989844
"mati1255",3.35764894034035
"mats1244",3.35544990719508
"matu1259",4.45381685852289
"maun1240",5.03722620662095
"mawa1270",2.67236636317237
"maxa1247",4.20680557495184
"maya1280",5.24991307535864
"mayo1261",4.09717955693943
"maza1291",2.07569593018793
"mbaa1245",4.02443341332689
"mbal1255",4.31641926319582
"mbar1253",4.85728313643082
"mbay1241",4.66167619020826
"mbee1249",4.47401462655485
"mboc1235",4.24308018341999
"mbuk1240",4.24999683171352
"mbuk1243",2.64067693741224
"mbum1254",4.56514434719309
"mbuu1238",4.38673195248841
"mbya1239",2.96232672813985
"medu1238",4.13060580096529
"meen1242",6.07369854138126
"mehi1240",3.08506457203746
"mehr1241",3.27373147126614
"mend1266",4.33094865412696
"mere1246",2.73306420534057
"meru1245",3.99680238924569
"mesc1238",3.27480457812835
"mesq1240",3.07508483809189
"meta1238",4.16033931270254
"mewa1250",1.93702097002015
"mezq1235",2.93105864194652
"mfum1238",4.15206490112928
"mich1245",3.39236572681277
"miju1243",2.64394936996762
"mina1268",4.15928540814909
"mind1253",3.30739264586398
"ming1252",2.04020301061956
"mini1256",2.80079714525147
"minn1241",3.20279019715332
"mira1251",1.32194047762817
"miri1266",4.02932261725399
"miya1259",2.82087632703739
"mmaa1238",4.47317887830611
"mmen1238",4.2687256102383
"moch1256",4.03920302438121
"moco1246",3.72534207849136
"mode1248",1.00371563895411
"mofu1248",2.77098389968542
"moke1242",3.90550725432292
"mokl1243",4.03589225730388
"mokp1239",4.30023025554654
"moks1248",3.36283676684586
"molo1266",2.66880637854354
"mong1338",4.45538193327046
"mono1269",4.25748537387638
"mono1270",4.37988092624314
"mori1268",3.8845248194828
"moro1284",4.73790896870335
"moro1285",2.85648644093618
"moro1292",3.27875830340215
"moru1253",5.05235132834447
"moss1236",4.32590288472419
"motl1237",3.78774964348979
"moyo1238",2.85139156234114
"mpad1242",2.39940430362461
"mpon1254",4.52573840355114
"mudb1240",5.1682163560942
"mudh1235",1.93202251402433
"mufi1238",3.2773600266306
"muin1242",3.17840552277753
"mull1237",2.5411034926603
"muna1247",3.82131236356895
"mund1320",2.6497642561999
"mund1325",4.33781008702472
"mund1326",4.05140345128436
"mund1327",3.9584179524997
"mund1328",4.59554893399202
"mund1330",2.91296377903643
"mung1266",4.07389052062159
"munj1244",1.44733904680807
"murl1244",5.74649762396984
"murr1258",2.90272996954229
"murs1242",5.88338491904731
"muru1266",4.4716983061442
"muru1274",3.09185836144639
"muya1243",2.72517057111012
"mwag1236",2.61495877043043
"mwal1237",4.09153711505739
"mwan1247",4.26004872259014
"mwan1250",4.44232220449926
"myen1241",4.32009127007615
"naas1242",3.25149676738928
"nade1244",4.48635170404392
"nafa1258",4.10961193339174
"najd1235",3.07324031352881
"naka1260",4.08438655573329
"naki1238",4.52963110112128
"nama1264",4.41636382958971
"nami1256",3.77958283177466
"nana1257",3.05652702770299
"nand1266",4.48818123616048
"nang1259",3.32518141412999
"nank1250",3.72245066030698
"nant1250",3.54241265786647
"napo1242",3.52791437312316
"nari1240",5.60195399454493
"narp1239",2.98736421133711
"naru1238",4.94888187891063
"nate1242",4.12068403530872
"natu1246",3.82125991970046
"nauk1242",3.304818975374
"nava1243",3.31616190864645
"nawd1238",4.25538260115062
"nawu1242",3.82171887452108
"naxi1245",2.86908646828681
"ncan1245",4.67528777098693
"ndai1238",4.17778122356045
"ndal1241",4.19596476747477
"ndam1239",4.34233081346607
"ndem1249",4.17519146489669
"ndog1248",4.31077810359587
"ndon1254",4.16135784403491
"ndut1239",4.42398583252463
"ndzw1235",3.91369929453993
"nene1249",3.76824858883867
"nepa1253",1.37130772169831
"nepa1254",1.68380905141568
"newa1246",3.00428378772937
"nezp1238",2.95262714748552
"ngaa1240",4.91693348399392
"ngad1261",4.0069947439026
"ngal1292",4.40370515448729
"ngam1268",4.71366591128542
"ngan1291",3.74043129345324
"ngan1295",4.66015059522301
"ngan1299",4.15562653809908
"ngan1300",4.28680037350936
"ngar1235",5.1984439899221
"ngar1283",4.29917116109814
"ngar1284",3.68673249944592
"ngar1287",4.84467463060649
"ngar1288",5.27988765950625
"ngas1238",4.7701856419797
"ngas1240",2.60368046969092
"ngaz1238",4.04226260235256
"ngba1285",4.1593372909688
"ngem1255",4.2265551930212
"ngie1241",4.29570602524545
"ngit1239",4.4419078793749
"ngiz1242",2.51648446883255
"ngom1271",4.30726665497135
"ngom1272",4.31569161279689
"ngos1238",4.05170990733311
"ngwe1238",4.34844925688569
"nhan1238",4.79306629309391
"nhen1239",2.91541697410706
"nhuw1239",4.87778926764975
"nias1242",4.0323967318075
"niel1243",4.11277411570022
"nige1253",3.94883812970906
"nige1255",4.24446039429613
"nija1241",4.93670532538142
"nina1238",3.1896467853554
"ning1273",3.44709883755175
"nisg1240",3.5191021439524
"niva1238",3.60176696644403
"njeb1242",4.66818194252394
"njye1238",4.30037023156493
"nkon1248",3.99085383524921
"nobi1240",4.48647275480631
"noma1260",4.4833630622168
"noma1263",3.44062886897997
"noon1243",4.70927247754023
"nort2626",1.33258276223217
"nort2627",1.34742629372331
"nort2641",1.76120037051422
"nort2646",1.80915988015121
"nort2671",2.9010543829642
"nort2684",2.82715598511414
"nort2686",2.51141800430535
"nort2690",2.08425175536883
"nort2697",2.37150496219411
"nort2699",2.01501629250435
"nort2722",2.74178115644592
"nort2735",2.86142390519068
"nort2740",2.76739140287053
"nort2741",2.78985931267819
"nort2745",4.17969366075315
"nort2765",4.27546610708235
"nort2774",4.17666323579007
"nort2775",4.41773999692841
"nort2780",4.31665098824644
"nort2784",4.04536100913407
"nort2787",4.34436125407023
"nort2795",4.10691299366497
"nort2810",4.16379672755112
"nort2815",4.88802338646837
"nort2819",4.12572723641087
"nort2845",3.82350626340106
"nort2943",3.13239106330157
"nort2954",3.49499409816472
"nort2957",3.51608511863406
"nort2972",3.31395373142778
"nort2976",3.49637562644913
"nort2979",3.48820817257664
"nort2980",3.4725736414199
"nort2984",3.02764583810983
"nort3047",2.45274819406084
"norw1258",1.31903526727977
"ntch1242",4.2378588636685
"ntom1248",4.59948169174112
"nucl1235",1.51955662348175
"nucl1240",4.42714535796686
"nucl1290",2.3871743077406
"nucl1301",2.20660562982533
"nucl1302",2.19723765186085
"nucl1305",1.34044778669553
"nucl1310",3.34530633659296
"nucl1327",2.92198243161279
"nucl1339",3.51113070160545
"nucl1347",4.1539261454709
"nucl1417",4.85694206163144
"nucl1418",3.82940386212499
"nucl1440",2.48569438271999
"nucl1454",3.85239675987726
"nucl1460",3.840680188738
"nucl1620",4.00462699497905
"nucl1632",3.67541803038578
"nucl1633",5.01941687054709
"nucl1634",3.90338019753789
"nucl1643",2.94558149547185
"nucl1649",3.481097196926
"nucl1683",2.5208895418249
"nucl1695",2.62195314783025
"nucl1696",2.9437633674196
"nuer1246",4.8675414509816
"nugu1242",4.60373526917427
"nuka1242",3.27553675347963
"nung1283",2.62121378282382
"nung1290",4.71720982668348
"nupe1254",4.42998143977336
"nuuc1236",3.29562916388347
"nyab1255",4.04793277307118
"nyah1250",2.82175711926519
"nyam1271",4.64576403221622
"nyam1276",4.20222361125649
"nyam1277",4.11463198963683
"nyam1285",2.61248149251535
"nyan1301",5.06371233748694
"nyan1307",3.98341524231353
"nyan1313",3.49715814734471
"nyaw1247",4.61304747262534
"nyeu1238",2.4556504526007
"nyig1240",4.30400306853092
"nyis1236",2.90945055918891
"nyol1238",4.27153943973269
"nyon1241",4.47402043273883
"nyun1247",4.73800965600099
"nzim1238",3.70362262945658
"obol1243",4.4360912403678
"ocai1244",3.16045895157881
"occi1239",1.10022757557524
"ofay1240",3.74716283773148
"ogbi1239",4.53578956203491
"okuu1243",4.32734609128463
"olub1238",5.33252306236684
"olut1240",3.31169737312968
"omag1248",2.86801555375683
"onei1249",2.87069191504712
"onge1236",3.32204711846152
"opuu1239",4.53691736204481
"orej1242",2.92507937521628
"oriy1255",1.9335817422732
"orma1241",3.06895612593461
"ormu1247",2.03975736154359
"orok1266",4.53547784445119
"orok1269",3.85534792235458
"orow1243",2.66755295447792
"osse1243",1.73568927667103
"otor1240",3.22015679870387
"otuh1238",4.80902886331332
"paca1246",3.39914010552822
"paco1243",2.531149733181
"pagi1243",4.06205308492267
"pait1244",2.80652526444531
"pait1247",2.95230641485373
"paiw1248",3.87192943332725
"paka1251",5.07641931806373
"pala1344",4.04174463583494
"pali1279",3.24438280127548
"palo1243",4.55233910328952
"pamp1243",4.02750405110348
"pana1305",3.58751846399657
"pana1307",3.35203406422178
"pang1287",4.09367747590067
"pang1290",4.218141953055
"panj1256",1.74643678920033
"pano1254",3.35754002055846
"pany1241",4.98459581946638
"paok1235",3.07379215108121
"papa1238",2.9337971580377
"para1301",2.3477314168407
"para1310",3.40899085742193
"para1311",2.94330489356236
"para1312",2.97883879292695
"para1315",3.4146554002673
"para1316",3.58683678981281
"pare1266",2.67580192113709
"pare1272",3.14288901444082
"park1239",2.55226419376213
"pate1247",3.91038667759952
"patt1248",3.04459207242624
"paum1247",2.84155123800048
"pech1241",3.00280924063801
"pemo1245",3.64149168119542
"pemo1248",3.63308631483588
"peng1244",1.91871905334189
"pero1241",3.0040477823509
"peta1245",3.67161264836312
"peve1243",2.22660066268296
"phai1238",2.55056898590668
"phal1254",1.9138550114284
"phut1244",2.87027017640578
"piap1246",3.12221392283522
"piar1243",3.38304460995121
"pich1237",3.43559387313233
"picu1248",3.18626488566115
"pila1245",3.50688520556976
"pint1250",4.89916609929735
"piny1238",4.15058580736044
"pira1254",3.49731947775369
"pisa1245",3.43473679503926
"pite1240",2.89012390555628
"pitj1243",4.86845102482766
"plat1254",3.70365766390483
"pnar1238",2.68949144570466
"pohn1238",3.93685004166121
"poko1263",4.40935370577815
"poli1260",1.24417937619639
"popt1235",3.62950569372846
"port1283",1.29068057892183
"pott1240",2.0184577403583
"pula1262",4.28401066531644
"pula1263",4.34456575014439
"puoc1238",2.6519089847728
"pure1242",3.62408840686501
"puri1258",3.01143806563946
"pwon1235",3.00026242217969
"qaqe1238",3.16330594873821
"qaua1234",2.68476038885254
"qawa1238",2.52322696526404
"qima1242",3.20244620086798
"quec1382",2.92179856481979
"quio1240",2.84057620075117
"rajb1243",1.75852200310535
"rama1270",2.82254011455836
"ravu1237",1.57028675546362
"rawa1265",3.18437413245147
"reel1238",4.87212404901735
"remb1249",4.64199385977307
"rend1243",3.05673571915103
"resi1247",3.12641556732413
"reye1240",3.34515954383459
"rikb1245",3.87435234504294
"rita1239",4.94828381757902
"roma1326",1.15612490224642
"roma1327",1.32203897988483
"rong1268",4.04655120921862
"roto1249",2.74247690929538
"ruka1240",4.09881030500585
"rund1242",3.9761683126228
"russ1263",1.43275983392892
"russ1264",2.23541965180443
"rusy1239",1.35256314782634
"rutu1240",1.62269812416532
"saam1283",4.06056532597534
"saba1262",4.36041173909168
"saba1265",4.10327675403837
"saba1268",3.59134933155215
"saek1240",2.94405010693126
"saki1248",2.79967491061712
"sala1264",2.36338694680865
"sala1272",3.53439581905
"sali1298",3.22809042330678
"samb1305",4.50128977113806
"samo1303",3.56342300726603
"sanj1284",3.18456065194011
"sanm1287",3.52105232524148
"sanm1289",3.38656284048895
"sanm1295",2.94956069123628
"sanm1298",2.9143607103599
"sant1410",2.77805207359085
"sant1432",3.40578888364177
"sanu1240",3.3634540616517
"sasa1249",4.00601912486259
"sata1237",4.06675758592278
"sate1243",3.09838328205494
"saur1248",1.74618523118895
"saur1249",1.34577924176
"saxw1241",3.90332096665139
"saya1246",2.78430371705474
"sayu1241",3.36034479806644
"scot1243",1.32126242314304
"scot1245",1.64084493844371
"seba1251",2.93387236582511
"seco1241",3.34518855837915
"seda1262",2.43520591358743
"seim1238",4.09973884135136
"sekp1241",3.83611444936578
"sela1259",3.76750636429916
"sele1249",3.76924982961736
"sele1250",3.86683118271577
"selk1253",3.29087120587092
"seme1247",2.49494398489466
"sena1262",4.04465926489128
"sene1264",2.7572557004696
"sera1259",1.7217659578017
"sere1260",4.19974385653406
"sgaw1245",3.12112636066924
"shan1277",2.85580678221979
"shan1282",4.53472466237471
"shan1283",3.14021319270229
"shar1245",3.11982041410175
"shaw1249",3.17834411542306
"sheh1240",2.82296678987693
"sher1255",3.0059815920574
"shil1265",4.96628098457212
"shin1264",1.82971303119182
"shix1238",3.06060700497411
"shon1251",4.20233734006382
"shua1257",2.53918357125015
"shum1243",2.8908840398469
"shus1248",3.96038203513593
"shwa1239",2.73988938893077
"siar1238",3.73281155303951
"sich1238",3.01590542267364
"sida1246",2.8445723468815
"sikk1242",2.94832204930841
"siks1238",3.15537464015814
"silt1240",2.92595031151208
"sind1272",1.78141907988131
"sinh1246",1.74833601882206
"sion1247",3.21968006700379
"sipa1247",3.30426464806642
"siri1273",2.75731496315977
"siri1274",3.18138404793512
"siss1242",4.33405484458609
"siwi1239",3.19875607599956
"siwu1238",3.69547469426314
"skol1241",2.89699888383056
"slov1268",1.6006910564996
"slov1269",1.31536590338642
"soch1239",3.031395433179
"soma1255",3.09822086102958
"soni1259",4.20270253002968
"sooo1256",3.45038729111545
"soqo1240",3.03743723523912
"sora1254",2.57267710797535
"sout2642",2.01740008493434
"sout2672",2.21669734301546
"sout2674",2.80977560828585
"sout2679",3.36917582263434
"sout2697",2.2761358936179
"sout2729",2.98806386283961
"sout2746",2.67206356142782
"sout2750",4.26974930471628
"sout2774",4.08252666714005
"sout2789",4.39853528918414
"sout2790",4.33134855503349
"sout2795",4.00974974782089
"sout2807",4.19529465105319
"sout2828",5.26528211452869
"sout2832",4.88022675983451
"sout2833",4.97322373088797
"sout2840",4.11039285090585
"sout2844",4.48386231502475
"sout2856",3.77213507459094
"sout2895",3.75512866701598
"sout2918",4.04513489792412
"sout2949",5.06257557800979
"sout2956",3.68442773788206
"sout2985",2.85502564209431
"sout2991",3.50807658675272
"sout2994",3.58360263436774
"spit1240",2.98295455968797
"spok1245",3.95860916739675
"squa1248",3.83204448150633
"stan1288",1.30924924399352
"stan1289",1.30393021481444
"stan1290",1.26223059953589
"stan1293",1.3431240823838
"stan1295",1.38303295500915
"stan1306",4.1745364761998
"stan1318",3.10787929614986
"stod1241",2.9861856048052
"suba1252",3.97696071466072
"subi1246",4.43828613063847
"suda1236",2.92406741102564
"suen1241",3.88371230764987
"suga1248",4.44989235238804
"suii1243",2.65675353656467
"suku1261",4.04732108056531
"sumb1240",4.28747603174896
"sumi1235",2.30339637186662
"sund1252",3.94272533029611
"suri1267",5.85706881559836
"surs1246",3.72655517704217
"suru1262",2.95789675206932
"suru1263",2.75780499947779
"susu1250",4.22504847667195
"suya1243",3.30887034025405
"svan1243",2.29118433682312
"swah1253",4.35257366199515
"swed1254",1.16786203312786
"swis1247",1.2796956745096
"taba1266",3.12728129608142
"taca1256",3.35269092093323
"tach1250",3.24393100454361
"tada1238",5.01737403607739
"taga1270",3.75514765049661
"tagw1240",4.16343351207972
"taha1241",3.03253520624931
"taid1248",2.73996386262696
"taid1249",2.7682481365492
"tain1252",2.91803924980686
"taji1245",1.9520511914724
"talo1250",4.82177593031504
"tama1331",3.15930815351629
"tama1365",2.99050041199013
"tami1289",1.71514872415797
"tamn1235",4.40106099013265
"tamp1252",4.17290762473937
"tana1290",3.60255438607507
"tang1336",2.18341492221551
"tani1257",3.39626889636771
"tapi1253",2.96371485938252
"tapi1254",2.98006264580682
"tari1256",3.29599948476532
"taro1263",4.87006485270781
"taro1264",3.90640432638933
"tase1235",2.73822857008676
"tata1255",2.19968047982357
"tata1257",4.14985556580626
"tatu1247",3.45435110979272
"taus1251",3.85557781214393
"tawa1286",3.06440741998797
"teda1241",4.91086285972875
"tedi1235",2.75885823467243
"teee1242",4.5955293579043
"teen1242",4.38167502314613
"tehu1242",3.08382897575796
"teke1280",4.67382795701554
"tele1256",4.38003355115434
"telu1262",1.76372273083226
"temb1276",2.95091720883948
"temi1246",2.32971106700778
"temm1241",4.07654374111177
"tena1240",3.62940629350772
"teng1272",3.91758433406598
"tenh1241",2.80302873002163
"tepo1239",4.01598319615198
"tera1251",2.57788672557644
"tere1279",3.33517328733052
"tern1247",3.8423091992995
"ters1235",2.89130914157396
"tese1238",3.66867407177651
"tetu1245",3.84465102951798
"tewa1260",3.06008863872124
"texi1237",3.54801381993481
"thad1238",2.68555460975761
"thai1261",2.65607626303953
"thak1245",3.02542788041016
"thay1249",4.96580335338093
"thul1246",2.85693660534207
"tiag1235",3.74708429528116
"tibe1272",3.0707264400715
"ticu1245",3.06218311098582
"tiey1235",4.22719893473685
"tiga1245",3.99334644548168
"tigo1236",4.57447364849592
"tigr1270",2.88930247495918
"tigr1271",2.77704608025198
"tika1246",4.26919079999721
"tilq1235",3.17392335848082
"timn1235",4.28978052794907
"tinp1237",3.69438530738393
"tira1254",3.20476544242934
"tiru1241",4.06333059443455
"tivv1240",3.89673495693682
"tlac1235",3.26098195498054
"tlin1245",3.30107216123886
"toar1246",3.97929834640241
"toba1269",3.48208536178129
"toca1235",2.95484261563379
"toch1257",4.91643301434706
"toda1252",1.74917076829916
"tofi1235",4.06186546716493
"toho1245",3.80011315637341
"toll1241",2.71255664031626
"tong1318",4.39473334904346
"tong1325",3.62965424798744
"topo1242",4.76757088788667
"toro1252",5.22919553075074
"torw1241",1.83293178442614
"tosk1239",1.54668301650821
"tote1238",4.2999017325524
"toto1305",3.39681673554673
"tour1242",4.32830480540014
"trin1274",3.33882380399537
"trio1238",3.66307457674794
"tsam1247",2.93614939058508
"tsha1245",3.21741584667649
"tsot1241",4.13324919555911
"tsou1248",3.70647617542753
"tsuv1239",4.56980200992459
"tuca1252",3.19818952663991
"tuka1248",3.92309186376876
"tuki1240",4.53167912029998
"tuli1249",3.52473102517592
"tulu1258",1.70511801191521
"tumt1243",3.64523192468177
"tune1261",4.42270278367411
"tuni1251",4.22719588568162
"tupa1250",2.89547815456176
"tupu1244",4.47966078159888
"turk1304",2.18357411567119
"tuuu1240",2.45634032958697
"tuvi1240",2.40254812902431
"tuyu1244",3.38154563970359
"tzel1254",3.45897255829543
"tzot1259",3.17414637300876
"tzut1248",3.10236000551973
"ucay1237",3.41682026252713
"udih1248",2.99332161705782
"udmu1245",3.39524667898131
"uduk1239",4.20193417402964
"uigh1240",2.1671915395244
"ukra1253",1.40546630839856
"ulwa1239",3.38880234297574
"umbu1256",4.82800253840432
"umbu1257",4.20988207240526
"umpi1239",4.80308058295713
"uppe1395",1.457567882963
"uppe1400",1.29241624765464
"urdu1245",1.574638247068
"urii1240",3.64764984110741
"urni1239",3.3459845772937
"urub1250",3.12714847438425
"urue1240",2.89786877859655
"usan1239",3.88380562859465
"usar1243",4.54701823565735
"utes1238",3.87443154505739
"vaag1238",1.75063872685775
"vagl1239",4.13744477372657
"vaii1241",4.28488772373852
"vame1236",2.64015414541367
"vani1248",3.85525635404729
"varl1238",1.81011000571146
"veng1238",3.89575682875879
"veps1250",3.1733703448573
"viet1252",2.66057752519986
"vlax1238",1.79717791831554
"voti1245",3.32040110599163
"vute1244",4.10884337931112
"waam1244",4.28193153651788
"waga1260",4.78142866972179
"waim1251",3.88273519336548
"waim1253",3.84251672390914
"waim1255",3.54944131878956
"waiw1244",3.56367816291426
"waja1257",4.81024894420483
"waka1274",4.82953033318615
"wakh1245",1.73839402525311
"walm1241",5.35160426482982
"walu1241",2.95749116182199
"wamb1258",4.6827564859899
"wamb1259",3.89099081162213
"wame1240",4.20495160779781
"wand1278",2.56518408658242
"wane1241",1.605900046922
"wang1291",4.95121227067752
"wanm1242",5.13740655177174
"wann1242",4.38714629307506
"want1252",3.88562328530094
"wany1247",3.87766412451549
"wapi1253",2.94589839331171
"wara1290",5.06262844564971
"ward1246",2.9836774212693
"wari1266",4.98231110514108
"wari1268",2.67557198157646
"warl1254",5.21795511541239
"warl1255",5.26868812252417
"warl1256",4.7011368072209
"warr1255",4.73306924440726
"waru1265",4.95036320321371
"waur1244",3.10371998148144
"wawa1246",4.26310509932647
"waya1269",3.69141299380701
"waya1270",3.17266878910524
"wayu1241",3.03960892116332
"wayu1243",3.47610082982889
"wehh1238",4.20054587122514
"wels1247",1.63304260565775
"weno1238",3.98689901768675
"west2354",1.35766608477269
"west2368",2.0358595846059
"west2369",1.70557385995102
"west2392",3.06688639151218
"west2397",2.38054505996429
"west2408",1.50845199352475
"west2441",4.74627108629877
"west2443",4.6860757398557
"west2450",4.09395855171842
"west2454",4.28947594693521
"west2456",3.99199835605199
"west2458",4.57264930301467
"west2466",4.29619276797072
"west2500",4.2012775251044
"west2560",3.80780648717483
"west2600",4.05769680239256
"west2632",3.60124560741287
"west2644",3.18704550218668
"wich1264",3.79973944038166
"wikm1247",5.04342124573324
"wikn1245",5.18200303145825
"wikn1246",5.01874006944424
"wira1262",5.05202991250482
"woge1237",4.23612984549687
"wola1242",3.0503324266903
"wong1247",4.40179368065409
"woun1238",3.23005987797073
"wuch1236",3.13591984603142
"wuna1249",3.43537406758941
"wuzl1236",2.53125639047071
"wymy1235",1.30316839548563
"xamt1239",2.96884759063399
"xava1240",3.80275685601609
"xere1240",3.53008819431201
"xeta1241",2.767597744031
"xhos1239",3.95010136560271
"xing1248",2.84001965176166
"xokl1240",3.69629317368175
"xwel1235",3.94297830228491
"yaba1248",3.74567190483485
"yaga1260",4.35498848942954
"yagn1238",1.57418424894005
"yagu1244",3.54551992430576
"yaku1245",2.19813387491619
"yala1263",5.01109827320739
"yalu1240",4.15178896170053
"yamb1251",4.23721991944155
"yamb1252",4.42789368836441
"yami1256",3.04433390817566
"yand1253",5.32184186248537
"yane1238",3.14512784182228
"yang1288",2.9770761590171
"yank1247",4.79569363270146
"yann1237",4.80435671810182
"yano1261",3.31424454884462
"yano1262",3.32419716925265
"yans1239",4.29637757749789
"yany1243",4.69245019852424
"yaoo1241",4.34265278477417
"yaou1238",4.20612078779019
"yape1248",3.69168201367121
"yaqu1251",3.82024158843516
"yare1248",3.2066521597389
"yaro1235",3.25534252211063
"yawa1260",3.16389589919782
"yawa1261",3.1792714766495
"yawu1244",4.39417833430499
"yekh1238",4.72870011876345
"yemb1246",4.36809601394895
"yems1235",3.07287117147317
"yeru1240",1.59317446439423
"yess1239",3.11903979243155
"yeyi1239",4.22950591857155
"yidi1250",4.50271358479292
"yill1241",3.4815303536084
"yind1247",4.93546783116395
"yine1238",3.24013219324617
"yinh1234",4.90944458111032
"yiry1245",5.14461049065277
"yomm1242",4.22343414527452
"yong1270",3.06771048282685
"yora1241",3.1513425925707
"yoru1245",4.43466110890608
"yuca1254",3.66854778068548
"yucu1253",3.03207848250726
"yuec1235",3.3364063120922
"yuhu1238",4.27821996021556
"yukp1241",3.49209606766952
"yulp1239",5.08215853889748
"yulu1243",4.70806384926694
"yuqu1240",2.77244675128082
"yuru1263",3.39438619996376
"zagh1240",5.00825973483268
"zaiw1241",2.81725148641386
"zand1248",4.69942959070558
"zapa1253",3.51432411421345
"zarm1239",4.84785446793944
"zayy1238",3.15277405230936
"zhon1235",3.0508128965736
"zinz1238",4.09209800486679
"zoee1240",3.10377705023338
"zoog1238",3.17528101548435
"zulg1242",2.63506009337556
"zulu1248",4.03103725282659
