"glottocode","series_markedness_fullness"
"aari1239",4.17925946550068
"abar1238",4.26143050321245
"abau1245",3.47873618352781
"abid1235",4.50366476608909
"abkh1244",3.40360751488723
"abua1244",3.92190187947912
"abur1243",4.20677387855621
"acat1239",3.73686626671459
"acha1249",4.15435474153006
"acha1250",3.4399998377871
"ache1245",4.06178788787681
"ache1246",4.11951825082721
"achi1257",4.05168735739215
"achu1247",4.50127230009525
"achu1248",4.26365312403517
"acol1236",3.20980482043949
"adam1253",4.1465581914812
"adan1247",4.87493297087962
"adan1251",5.51381359581467
"adio1239",4.49918780900038
"adny1235",3.34912944384135
"adyg1241",4.14242017465076
"adze1240",4.24786096693695
"afad1236",3.39439818830122
"afar1241",3.36422191101499
"afit1238",3.89456196676357
"aghe1239",4.1516395123399
"agua1253",4.29198622001852
"ahan1243",4.29591710389229
"ahan1244",4.48205181489109
"aheu1239",3.90156143930215
"ahte1237",3.96660299610171
"ainu1240",4.08809507342702
"ajab1235",4.53157080047591
"ajas1235",3.54504275243618
"ajyi1238",3.75510892511328
"akan1250",4.38828863143389
"akas1242",3.85017491457904
"akaw1239",4.32961889121414
"akha1245",4.05860431395818
"akla1241",4.56850735341312
"akoo1248",4.28858570800724
"akpe1248",4.35982236904525
"akun1241",3.84555684018612
"alab1237",4.69445299761315
"alab1254",2.65768421776634
"alam1246",3.71765793271463
"alaw1244",4.70053566109576
"aleu1260",4.21179062156549
"alla1248",4.57432664929357
"alut1245",3.87329113955056
"alya1239",3.43670467673344
"amah1246",4.77103526544219
"aman1265",4.02307591505266
"amar1271",3.66659595545247
"amar1274",4.79469625638329
"amas1236",3.90652651314273
"ambe1247",4.01022256425108
"ambu1247",4.33119873900079
"amdo1237",3.053228804511
"amel1241",4.07753667424839
"amha1245",2.80538803052202
"amii1238",4.39416715425188
"amoo1242",4.44957770077249
"amun1246",4.27248360242528
"ande1247",3.36439015645375
"andi1255",4.41054210186929
"anei1239",4.20726146804291
"anfi1235",4.19690628888738
"anga1288",3.76308571346991
"anga1290",3.40054234425076
"anii1245",4.57121149911698
"anin1240",3.34067538820553
"anta1253",3.23338668872326
"anua1242",2.89273686993497
"anuf1239",4.40302814582815
"anyi1244",4.39809891073391
"anyi1245",4.47310684213036
"aona1235",3.63640018507757
"apal1257",4.26063344096468
"apat1240",3.65386867070673
"apin1244",3.99705801855043
"apro1235",4.30824211319975
"apur1254",4.02508184486065
"arab1268",3.54970354169653
"arag1245",3.42983181001101
"aran1237",3.57842733612584
"arao1248",4.81792417396009
"araw1273",4.30425268188406
"araw1276",3.98396293027264
"arbe1236",4.00769536350937
"arbo1245",3.00237063219933
"arch1244",4.36444256466217
"argo1244",3.032048845505
"arhu1242",4.79846324226136
"arik1265",3.67573186901655
"arin1244",3.12909069431401
"asha1243",3.69938443722263
"ashe1272",3.65398739031895
"assa1263",4.03152599958375
"astu1245",3.01297598759545
"atay1247",3.62102892039956
"atti1239",4.32126411448743
"auuu1241",3.49459692561385
"avac1239",4.21948499348488
"avar1256",4.08574289731919
"avat1244",4.2492102863688
"avik1243",4.51926756906164
"avok1242",3.25547653438853
"awac1239",4.18793944103028
"awad1243",3.71800257654415
"awar1248",4.45614524898174
"awet1244",4.16346203614647
"awin1248",4.47183783447985
"awiy1238",4.51276057263665
"awng1244",3.38132513955217
"awtu1239",3.56718293539866
"axiy1235",3.88295297720611
"ayac1239",3.77961861924357
"ayer1245",4.58517251684313
"ayor1240",3.16952493967287
"baan1242",4.47122201064394
"baat1238",4.37796753617507
"baba1264",4.27650751475848
"baba1266",4.27430717305322
"bada1257",4.29305917818552
"bade1248",2.82997574275049
"bady1239",4.01408103993118
"bafa1247",4.13703442089276
"bafa1249",4.49857250796679
"bafi1243",4.22837248909062
"bafu1246",4.3567598705579
"baga1272",4.29872190910661
"baga1273",4.32949005189447
"bagi1246",3.25808178054323
"baim1244",3.37677663497739
"baka1272",4.34379435869461
"baka1273",4.36636429441388
"baka1274",3.38119774029118
"baka1277",4.42322737518952
"bakh1245",3.96939854738881
"bako1249",3.97029884925608
"bako1250",4.14528660008473
"bala1302",4.20949597578947
"bali1278",4.40548909859582
"balt1258",3.19220208121788
"bamb1262",4.16829868665379
"bamb1265",4.38395085811433
"bamb1269",3.67461967768035
"bame1260",4.16988502254881
"bamu1253",4.36928252908555
"bamu1256",4.14132592301476
"bana1305",3.30256930635622
"band1345",4.1043843890535
"band1352",3.785425939089
"bang1356",4.41052345090022
"bani1255",3.44512182894821
"bank1256",3.76699069812831
"baou1238",4.2046830738239
"bara1380",3.85955774795795
"bard1255",4.17788261725251
"bare1276",3.24557345466278
"bare1279",2.70254732844496
"bari1286",4.57181740625417
"bari1297",4.67456671130775
"baru1269",4.06933759863148
"basa1284",3.99168657482381
"bash1264",4.25356889905525
"bass1260",4.35136069084444
"bata1285",4.20415944857429
"bata1289",4.40047183446881
"bata1293",4.2746677539142
"bats1242",4.04363626219315
"baur1253",3.77299738041825
"bayu1240",3.19927491330611
"beem1239",4.52255039339048
"befa1241",4.07187639597138
"begb1241",4.10188580090309
"beja1238",3.33864925707129
"bekw1241",4.30775221984574
"bela1255",4.52031911123817
"bela1256",3.0698305053139
"bela1260",4.35030146649134
"belh1239",4.02100826147876
"bell1243",3.92112329185494
"bemb1257",4.49871122508295
"bena1262",4.37524796686835
"benc1235",4.20511093134458
"beng1280",4.19421600004511
"beng1286",3.64912821150324
"bero1242",4.07497652919061
"besi1244",3.92292941280051
"bett1235",4.41319699091295
"bhel1238",4.37007121259106
"bhil1251",3.76839761132843
"bhoj1244",4.1001260077894
"biak1248",4.57203171293157
"bial1238",3.90331838489679
"bidy1243",3.21480958965164
"bidy1244",4.27545210730448
"bila1255",4.20675996275174
"bili1260",3.47095269078188
"bimo1239",3.98909147760974
"bina1277",4.22484869779418
"bini1246",4.34497225464097
"binu1245",4.56874925436238
"biss1248",3.65074883660141
"blan1242",3.74182657879631
"bodo1267",4.22268228943534
"bodo1269",3.80461599886269
"boik1241",4.02851097729902
"boko1266",3.74870359065889
"bomi1238",4.78415776618337
"bona1250",4.16431269284083
"bond1245",4.1761465887885
"bong1285",3.216937289418
"bora1263",4.32656047252568
"bora1271",2.78161443910096
"bord1248",4.46090599335844
"boro1277",4.08864828600465
"boro1282",4.43266019012713
"boun1243",4.12580839384906
"bouy1240",3.90323611057271
"brah1256",3.61606764457542
"bret1244",3.75620195554521
"brib1243",4.38390402432144
"brok1247",3.84225683824707
"buam1238",3.94209787444844
"budu1250",4.0409232789001
"bugi1244",4.38139532125186
"bujh1238",3.98437457846968
"buku1249",4.41717738259626
"bulg1262",3.57055032723375
"buli1254",3.67560983284768
"bulu1251",4.19601588631344
"bumb1241",3.4565358832279
"bumm1238",4.34275790219864
"buna1275",3.964044052775
"bund1253",3.71612765937792
"buol1237",4.13918482029539
"bura1267",4.19944608256357
"burj1242",2.75679324719824
"buru1301",3.19225137119397
"busa1253",3.71313222421052
"buwa1243",2.85076105104208
"cabi1241",3.28727362873885
"cacu1241",4.36230088004678
"cadd1256",3.46435834244067
"caja1238",4.02339940977816
"came1252",4.01129346182765
"camp1261",3.27878969414462
"cane1242",3.98171062754974
"capa1241",4.84106038033927
"caqu1242",3.68013424417191
"cara1272",3.36903072005669
"cari1279",4.64942699168021
"carn1240",3.97896699569966
"cash1251",4.8319304108275
"cash1254",4.76352195343281
"cavi1250",5.11534078663025
"ceba1235",4.17690334002854
"cebu1242",4.27207364048874
"cent1972",4.00235865406716
"cent1973",4.19881167704356
"cent1989",3.80021497937381
"cent1990",3.80999734151135
"cent2004",3.91016112883772
"cent2018",4.00351633745241
"cent2050",4.53930778934472
"cent2087",4.13651935770623
"cent2092",4.31064789663643
"cent2128",4.22753824613502
"cent2142",3.80402957059406
"cent2144",4.13689382438604
"cent2150",4.66410496080079
"cent2194",3.25131127965744
"cerm1238",3.84549702712818
"chac1249",4.24970017402466
"chac1250",4.03074139064064
"chac1251",4.948927377032
"chal1275",3.33987867745075
"cham1312",4.18229577471356
"cham1315",3.58035599490189
"cham1318",3.47811474414277
"chan1310",3.31277401643257
"chau1259",3.17385747215494
"chay1248",3.78229735527256
"chec1245",4.0117782512864
"chee1238",4.37001857246825
"chen1255",3.95246915397259
"chep1245",3.89268082390867
"cher1271",4.41681217837474
"cher1273",4.36152263896835
"chic1270",4.76789137260279
"chim1300",4.04922562898758
"chim1302",4.02300296443496
"chim1309",4.77171048090298
"chip1261",4.0303484477448
"chip1262",4.39114521724756
"chiq1248",4.08747592103267
"chiq1250",3.80191793525061
"chir1286",4.17096377537559
"choc1276",4.79946637420822
"chok1243",3.72160463182452
"chol1282",3.48653153565489
"chon1284",3.74450611134143
"chon1287",4.56638721353684
"chra1242",3.83078374167639
"chua1250",4.51316431689465
"chuk1273",3.91444416712195
"chum1261",4.33725294996421
"chuv1255",3.97244051296325
"coca1259",4.3342329698556
"coeu1236",3.80988865125248
"cogu1240",4.69555939786226
"colo1256",4.07384343839295
"coma1245",4.28741206563139
"como1259",4.01873542307726
"copa1236",4.36526310135374
"coro1247",3.98132117543303
"cros1244",4.19048216722782
"crow1244",4.64401929428936
"cube1242",3.7487130160363
"cuib1242",4.14483103891882
"culi1244",3.9969533363223
"curr1243",3.46219165678909
"cusc1236",4.00782739358269
"cuvo1236",2.79866493930712
"czec1258",3.60909771297571
"dadi1250",3.72666808846328
"dagb1246",3.67989706903024
"dagi1241",4.38809618016093
"daha1245",3.12477908716998
"dakp1242",3.1381942742632
"dalo1238",4.384545732459
"dang1274",3.19830114532641
"dani1285",3.49155451807237
"dann1241",3.65633999791931
"darf1239",4.41933083196911
"dark1243",4.05972803324
"darl1243",3.14321563188216
"darm1243",3.11543903497456
"daur1238",3.95875733010983
"dawr1236",4.50366460065981
"daww1239",4.10669637706387
"daza1242",4.66317915782594
"defa1248",3.62098307820978
"dege1246",4.12498904682122
"degg1238",4.04522545854687
"deni1241",3.95975705500858
"deny1238",3.56726455063593
"dera1245",4.73559370391126
"dera1248",2.84586859096757
"desa1247",3.7227069683128
"dghw1239",3.27834601982567
"dhal1245",3.13746400415601
"dhan1270",2.98594217932567
"dhar1247",3.19516903375857
"dhim1246",4.43033524604173
"dhiv1236",4.11481516274915
"dhuw1249",2.92807327424342
"dibo1245",4.49043310980711
"didi1258",3.1733459060936
"dido1241",4.43343783141394
"dier1241",3.18072096618885
"digo1243",4.4494396558567
"dime1235",4.87145269130168
"diml1238",4.06794897905491
"diri1252",4.36806777967481
"dita1238",3.88597605882491
"dizi1235",4.58156909017628
"djam1255",3.47646938173934
"djam1256",3.05977218214073
"djau1244",2.7407361551785
"djee1236",3.97645885521724
"djeo1235",3.92835169854498
"djin1251",3.54946858467413
"djin1252",3.01520553879935
"djin1253",2.88682507793546
"dobu1241",4.12330893237588
"dolg1241",4.20603097768588
"doma1258",4.01139087175292
"domp1238",4.28305737644192
"dong1285",4.18188906729492
"doya1240",4.53476687596645
"dual1243",4.14055081990391
"dupa1235",4.3769386582219
"duru1236",3.76984039089109
"duru1249",4.45431427842511
"dutc1256",3.63830043870982
"dyaa1242",3.32270318321276
"dyir1250",3.68547762635504
"dyul1238",3.72673837978051
"dzal1238",3.3069065706746
"dzon1239",3.27540908528814
"dzuu1241",3.53586717318463
"east2295",3.70835711934673
"east2304",3.94007122700309
"east2328",4.87058798885231
"east2337",4.24925716377046
"east2347",3.24136180410343
"east2379",3.33457920075083
"east2398",4.29740527163358
"east2426",3.57972277349155
"east2440",4.07204875615756
"east2516",4.00296221549728
"east2542",3.9829296138582
"east2555",4.29469062602905
"east2563",4.40001283247384
"east2652",2.87629764267013
"east2773",3.97522831619374
"ebir1243",4.53003199526241
"efik1245",4.02470695170234
"egaa1242",4.76077439099373
"eggo1239",3.97986029311163
"egyp1253",3.25035574915843
"ejag1239",4.3180836685196
"ekar1243",4.05028403877862
"ekpe1253",4.69773446765213
"elip1238",4.20399934603655
"eloy1241",4.07318283532359
"emai1241",4.54841276933955
"embe1259",4.52873924373184
"embe1260",4.41797365788278
"embe1262",4.76507575945943
"emer1243",4.28552651315995
"enap1235",4.34851757051651
"enaw1238",3.61243934791543
"enge1239",4.16365007438051
"epen1239",4.56774994785817
"erre1238",4.75927207670085
"ersu1241",4.22123575852828
"erzy1239",4.94889884664908
"esee1248",4.82797920102339
"esim1238",4.51452230355576
"esto1258",4.57742613367815
"eten1239",3.8886306161437
"eton1253",4.37033129004445
"even1259",4.35430486814568
"even1260",4.41030025429616
"ewee1241",4.46884605394126
"ewon1239",4.31579246893533
"faiw1243",4.11659535869404
"fali1285",3.14059125118146
"fang1246",4.23644155854098
"fang1248",4.22451524704537
"faro1244",3.45559435051516
"fefe1239",4.28825461655718
"fiji1243",4.43726988239706
"fili1244",4.37930016517649
"finn1318",4.49608309530086
"fipa1238",4.21793805141358
"fonn1241",4.5961169581964
"food1238",4.38525518005356
"fore1265",4.47260293470344
"fore1274",4.81384485510777
"friu1240",3.13077610360328
"fuli1240",4.52679485417151
"furr1244",3.80964040335638
"furu1242",3.45237047764667
"fwee1238",4.41512571248179
"gaaa1244",4.69120868649654
"gaaa1245",4.19080436310769
"gaam1241",3.96767954249193
"gade1236",3.77971751097913
"gads1258",4.59074135222574
"gaga1249",4.1767429677758
"gagn1235",4.60430776516931
"gagu1242",3.68246867773987
"gali1258",3.32147820125038
"gali1262",4.46679637096546
"galo1242",3.78607607243941
"gami1243",3.41501772577635
"gamo1243",4.35148959943489
"gand1255",4.42946666265318
"gang1267",4.3209164444368
"gara1269",3.99764548444036
"garo1247",4.0071020160665
"gata1239",4.26561772075222
"gava1241",2.91487022199376
"gavi1246",4.25796565313967
"gayo1244",4.31658069666674
"gbag1258",4.20920545143218
"gbar1246",4.12705756251022
"gbay1281",4.39368034483181
"gbay1287",4.3668272098302
"gbay1288",3.40599867645429
"gbes1238",4.61929608566288
"genn1243",4.41039518979667
"gheg1238",3.80963247994706
"ghod1238",4.38640276463473
"ghom1247",4.43981008659736
"gida1247",3.12927508116497
"giky1238",4.38421239077897
"gily1242",4.45118290825255
"giny1241",4.43007610840036
"giry1241",4.44060060650456
"glav1244",3.13458871327237
"godi1239",4.44717967732225
"goli1247",4.13888566357699
"gonj1241",4.22542414606666
"goon1238",4.04363697203808
"gour1243",3.97071907690644
"gras1249",3.99200154506499
"guah1255",4.10859093604718
"guaj1256",4.34833652422158
"guam1248",4.28849219169615
"guan1269",3.41943167626648
"guar1292",4.16898627099636
"guar1293",3.76547143525342
"guay1257",4.03719167487486
"gude1246",3.1041454954882
"guer1243",3.69429076758432
"gugu1254",3.53742075890447
"gugu1255",3.09983981188775
"guib1244",3.94543800524728
"guin1254",3.60423161271596
"guja1252",3.77960226490038
"guja1253",3.68809137719326
"guma1253",2.92150308151559
"gumu1244",4.35457848100044
"gunw1252",3.36199862869018
"guny1241",3.49014729632751
"gupa1247",3.08868844190638
"gura1252",4.24278890167356
"gurd1238",3.17730018135834
"guri1247",3.53680501379707
"guro1248",3.66152798537155
"guru1261",3.41689745959257
"guwa1243",3.41605856242197
"gwan1268",3.11506317080837
"gwen1239",4.53010403647097
"hadi1240",2.77652984265747
"hain1253",3.87125530280301
"haka1240",3.9540576890401
"hakk1236",4.20735044562487
"halb1244",4.3154294824155
"halh1238",4.02849640723488
"halk1245",3.87384544067155
"hame1242",4.45718277877181
"hang1258",3.82842337633325
"hang1260",4.66516952905582
"hang1263",4.27199453615846
"hara1271",2.84762883362892
"haus1257",3.06308488165925
"hawa1245",4.28043473073315
"haya1250",4.45302669912856
"hdii1240",3.0885286230982
"hebr1245",3.04830643561637
"heib1243",4.29177690938287
"hela1238",3.40786054098237
"here1253",4.03184348017343
"hili1240",4.48724602894095
"hind1269",3.67009186018134
"hixk1239",4.54561745342043
"hmon1264",4.22470866861164
"hoav1238",4.46951947629744
"holo1240",4.14087091040944
"hooo1248",4.46312128260056
"hopi1249",4.47094034849218
"huaa1248",3.21205216993462
"hual1241",4.01182167498234
"huam1247",4.27760597374708
"huam1248",4.00409319065265
"huar1255",4.76174422308503
"huas1242",4.41894138086069
"huay1240",4.07966160210922
"huba1236",3.30053616438988
"hueh1236",3.88549107330971
"huic1243",4.94981756832579
"huml1238",3.25779930282143
"hung1274",5.16494072549617
"hung1278",4.47127157836841
"hunz1247",4.70907394522879
"hupa1239",3.47434172417742
"hupd1244",4.06327132957506
"iaai1238",3.76501372719636
"iban1261",3.44149337824846
"iban1264",4.43481234146779
"ibib1240",3.8722360076463
"icel1247",3.58567628595953
"idaa1241",4.21444060517128
"idom1241",4.34132276229114
"ifee1241",4.52189675689855
"iged1239",4.48701695280468
"igna1246",3.62548747860839
"igoo1238",4.26709770478249
"ikkk1242",3.62182519514964
"ikpe1245",4.73748875252886
"ikwe1242",4.44423260398701
"ilok1237",4.37975445780143
"imba1240",4.05951203984745
"imon1245",4.09169865190712
"inap1243",3.71837350687229
"indo1316",4.59556041471047
"indo1317",4.23438806119856
"inga1252",4.05698699474609
"ingu1240",4.07162401315029
"inor1238",2.98686518116637
"iqui1243",3.89686231484726
"iraq1241",3.25175813629545
"irar1238",4.17648055728188
"irig1241",3.86404794568616
"iris1253",3.49042195864815
"irul1243",4.41920394651124
"ishk1246",3.82775152900928
"isok1239",4.20733324363836
"isth1244",3.86934425447655
"ital1282",3.10710006533186
"itel1242",3.41569285088713
"iumi1238",4.21965663581523
"ivat1242",4.45351119056148
"iwai1244",3.75912758092813
"iwam1256",3.42231018335494
"iyiv1238",4.38025612256254
"iyow1239",4.3278782674494
"izer1241",4.20215992740603
"izon1238",3.64694875251354
"jahh1242",3.90399344030663
"jama1261",3.90056833334095
"jams1239",4.6726182992565
"japh1234",4.21269250734045
"japr1238",4.87371412774341
"jaqa1244",3.9629742688745
"jaru1254",3.37902424855091
"jauj1238",4.10495103741166
"jaun1243",3.67216135514546
"java1254",3.94805778250601
"jebe1250",4.3385036200947
"jeme1245",4.19432714914963
"jenn1240",4.36789870642594
"jere1244",4.44843050164838
"jica1244",3.75671525216133
"jita1239",4.59679354962607
"jola1262",4.42925138583441
"jola1263",4.40207883958985
"jowu1238",3.63528919581187
"juan1238",4.16513507468696
"jude1256",3.95535200315635
"juho1239",4.08077392601314
"juma1249",4.0950288920774
"jumj1238",3.36791492135967
"jung1240",4.02883700389608
"jurm1239",3.54600484770818
"juru1256",4.098715701948
"kaba1278",4.02597900032451
"kabi1261",3.86243485065312
"kaby1243",3.2597194611856
"kach1280",4.04584293814281
"kadi1248",4.58728367221366
"kafa1242",4.17041276649987
"kagf1238",4.34870186872327
"kagu1239",4.26204740077662
"kahe1238",4.50292205382813
"kain1272",3.77525282372185
"kaiw1246",4.24823947047893
"kaka1265",3.54344133990619
"kako1242",4.21349730564539
"kala1377",3.00992176980131
"kala1381",3.3862124448464
"kala1399",3.98210350390028
"kalm1243",4.08128727398027
"kama1365",5.69667778396986
"kama1367",3.17500726744428
"kama1373",4.5632125079389
"kamb1297",4.57427224320307
"kamb1299",4.54462207487308
"kamb1316",2.83370033232618
"kamw1239",3.31488803076044
"kang1280",3.97274803370557
"kang1281",4.20206746074002
"kang1288",3.53427900487907
"kara1462",4.04184614846006
"kara1464",4.27142798531439
"kara1467",3.92526790942097
"kara1474",4.54664085975015
"kara1476",3.4539668886788
"kara1478",4.15040156956314
"kara1500",4.2386683036795
"karb1241",3.73871933031025
"kare1335",4.58056117069784
"kare1338",4.38716308016625
"kari1311",3.86908013357535
"kase1253",4.11361905706554
"kash1277",3.84290702681904
"katc1249",3.4746176630947
"kawa1283",4.4581391531465
"kaxa1239",5.03880085638059
"kaxu1237",4.48970974619642
"kaya1319",4.33137863825581
"kaya1329",4.33569607233274
"kaya1330",3.83528470942029
"kayt1238",3.23082989240552
"keig1242",4.05035384455364
"kekc1242",4.15349693017903
"kela1255",4.28838913577047
"kele1255",4.22836911260561
"keli1248",3.4468173967052
"keme1240",3.91716864687196
"kens1251",4.28398150198714
"keny1279",3.76138238160853
"keoo1238",4.15605500953678
"kera1255",3.39191181451086
"kete1252",4.27524719789337
"kett1243",5.05187627256339
"kgal1244",3.94069819480013
"khak1248",4.02415475776421
"kham1282",3.17049506818922
"khan1273",4.70878558072077
"khar1287",4.29802904931791
"khas1269",4.13855214508866
"khez1235",3.62816183630528
"khmu1256",4.14092020429938
"kich1262",4.10600776395773
"kiku1240",4.44899057451362
"kild1236",4.57409668498414
"kima1244",4.03648317761794
"kima1246",4.30071944993074
"kinn1249",3.37167248328696
"kiny1244",4.5379158911486
"kiow1266",4.08704462726808
"kips1239",3.45999795140121
"kirg1245",4.03588181149633
"kiri1254",3.29209362051678
"kisa1263",4.46089953600331
"kist1241",3.11573033535019
"kita1249",3.65176247273771
"kitj1240",4.78978230242818
"kitu1245",4.37985065523656
"klao1243",4.59461686583119
"koal1240",4.10879142149215
"koas1236",4.66455506418558
"koda1255",4.30160812426366
"kofy1242",2.68719484754064
"koho1244",3.65572900144131
"kohu1244",3.82269268638728
"koka1244",2.99723192463111
"kokb1239",4.02592760314349
"koko1269",4.31621742189221
"komc1235",4.35147914317107
"komi1268",4.93992610539104
"komi1269",4.79465540089315
"komi1277",4.94542221339221
"komo1258",4.23247063871827
"komo1260",4.34450823476224
"kond1295",4.04750948464599
"kond1303",5.23192243324185
"konk1267",4.07159099603245
"konk1269",3.87939369826923
"konn1242",3.66849757171356
"koon1245",4.02020969702365
"koor1239",3.97094659729727
"kore1280",3.89966048662925
"kore1283",3.75917523114472
"kork1243",4.14740889960469
"korr1238",3.9271421017298
"koru1247",4.91071243070739
"kory1246",4.01532029355188
"kosh1246",4.40853533526424
"kota1263",4.48621868197176
"kota1272",4.67721341585671
"koya1251",4.16369203402863
"koya1253",3.76330808280118
"koyr1240",4.59478935994013
"koyr1242",4.57665718189666
"kpan1246",4.43703299515069
"krac1238",4.44570488744805
"kren1239",3.75696863250562
"kris1246",4.1379683398865
"kron1241",3.78964464157794
"kuan1247",3.92505437502633
"kuii1252",4.03933507557407
"kuik1246",4.65763261186104
"kuka1246",3.55180753195065
"kuku1273",3.20006791361933
"kulu1253",3.83118770961713
"kuma1273",3.85395683252581
"kumb1268",3.29707662231039
"kumi1248",4.48286021243246
"kumy1244",4.03881378249209
"kumz1235",4.11720747949335
"kung1258",3.26666724598117
"kung1261",4.05264791382904
"kuni1267",5.08286466787774
"kuni1268",4.55087500444914
"kunj1245",3.21356625119955
"kuny1238",4.50862606233048
"kuoo1238",4.30469685732529
"kups1238",3.33336581274797
"kura1250",3.77400196797549
"kuri1259",4.62832400844998
"kurr1243",3.16284957103836
"kurt1248",3.3294998787867
"kuru1302",3.69556185081597
"kusa1250",3.89124269371667
"kute1248",4.44497720703757
"kuuk1238",3.31811525551522
"kuvi1243",4.11435500373371
"kuwa1246",4.29885965394864
"kwai1243",4.02277858535698
"kwak1269",3.95592991644273
"kwam1249",4.64838732334356
"kwam1250",4.48096193286914
"kwam1251",4.12766695698304
"kwan1273",4.52317360744298
"kwan1276",4.07738564368037
"kway1241",4.41588404289629
"kwes1244",4.49985290429651
"kwin1241",4.45822169583911
"kwom1262",3.35033794118713
"kyen1242",3.69752743810187
"kyer1238",3.23819954236904
"lada1244",3.00886132656348
"lagw1237",3.19119557519373
"lahu1253",4.09516106429138
"lakk1238",3.74427933339982
"lakk1252",4.47644551443534
"lako1244",4.53174770430483
"lako1247",4.63917371651999
"lama1275",4.12779757692312
"lama1288",3.31516102451292
"lamb1269",3.93474621003782
"lamb1276",3.80536877900935
"lamn1239",4.03424500840963
"lamu1254",3.18525285188989
"lang1320",4.25954987262158
"lang1322",2.83189293219612
"lang1324",3.06662692613073
"laoo1244",3.88928551792123
"lard1243",4.31974084753189
"latu1238",3.83335678560933
"lave1249",3.83694584965267
"lazz1240",3.79180115595293
"leal1235",4.24923586384917
"lega1249",4.11505509152902
"legb1242",4.03682685937719
"lele1264",4.26357219056793
"lele1266",3.73396944249209
"lele1276",3.24530500056838
"lena1238",3.97185177360532
"lend1245",3.44651831360977
"leng1258",4.02653109860098
"lepc1244",3.95525295960663
"lese1243",3.70554049302954
"leti1246",4.35034923073351
"lezg1247",4.62865611667242
"libe1247",3.76570351179506
"liby1240",3.2133632595188
"ligb1244",3.63832608807362
"ligu1248",3.16110251448936
"liji1238",3.90940885402841
"lika1243",4.13837987689388
"limb1268",4.39890213221675
"lish1246",3.29643049315504
"lisu1250",3.78877547254403
"lith1251",3.67848899807175
"lizu1234",4.16204610894281
"logb1245",4.29636521658488
"logo1259",3.26807601672889
"loko1255",3.857091379577
"loma1260",3.75779593790114
"long1387",4.22789239977559
"loni1238",4.30625460994842
"loth1237",3.47538183400423
"lowa1242",3.19110734915214
"lowe1385",3.5512901889262
"lowe1415",4.25409153958588
"loxi1235",4.06210895105384
"luch1239",4.27343063103471
"lugb1240",3.27982900187188
"lukp1238",3.93684178160629
"lumu1239",4.11105092324975
"lund1266",4.35951061082615
"luok1236",3.30971200717509
"lush1249",3.90054053735062
"lusi1240",4.39248485415936
"luuu1242",4.04279014036611
"luva1239",4.24575603037199
"luwo1239",3.19220834417926
"luxe1241",3.62114836866025
"luya1241",4.0685071791837
"lyel1241",3.95897598987849
"maas1239",3.91111047688956
"maay1238",2.78456410728099
"maba1273",3.52223106430527
"maba1277",3.22741341564043
"maca1259",3.93768196296902
"maca1260",4.2643537550104
"mace1250",3.52052294056017
"mach1266",4.39571022427806
"mach1267",3.87393820201329
"mach1268",3.79075025977891
"macu1259",4.27901091694835
"macu1260",3.9367803473066
"mada1282",4.45733315271306
"mada1293",3.31318640368346
"madi1260",3.31579316284294
"madn1237",4.13826156812677
"mafe1237",3.96795599576593
"maga1260",4.01019957147789
"mait1250",4.01375757402577
"maka1304",4.00701221079154
"maka1311",4.17560930475709
"mako1251",4.26968982831656
"maku1278",3.74347207631293
"mala1464",4.20552940884489
"mala1522",4.75537822527719
"mall1246",4.071697887985
"malo1243",3.94450266230013
"malt1254",3.255737262264
"mama1271",4.18413456896916
"mama1278",3.92855147424639
"mamb1294",4.01525344691991
"mamb1296",4.24481199352476
"mamm1241",4.24382123403185
"mamp1244",3.73843653163223
"mana1288",3.4506310009843
"mana1295",4.2472432863743
"manc1252",4.44785217170834
"mand1415",4.26123787344778
"mand1436",3.66458620252424
"mang1381",4.17223980128798
"mang1382",4.59361034231414
"mang1394",3.71171978788213
"mani1292",3.88219941391485
"mann1248",3.64748250454587
"mans1258",4.57686021569165
"many1261",3.62614121779622
"maon1238",3.6286752152323
"maor1246",4.16466021184705
"mapo1246",4.49238782198319
"mapu1245",3.77989685225208
"maqu1238",4.57053858875523
"mara1378",4.12399200696425
"mara1385",4.18926283768495
"mara1386",4.1504167731076
"mara1404",3.89991383091998
"marg1251",4.12102714254662
"marg1253",3.49987600230228
"marg1265",3.08748205414031
"mari1417",4.1347047340884
"mari1419",4.28501323430459
"mari1424",4.11374099717231
"mart1254",4.36213022685815
"mart1255",2.92033356520381
"marw1260",3.65138831081021
"masa1299",4.34453463353339
"matb1237",4.01765155570244
"mati1255",4.81580255658705
"mats1244",4.9155109955597
"matu1259",4.01538221204648
"maun1240",3.56221623690407
"mawa1270",3.12160231043591
"maxa1247",3.84620915764545
"maya1280",3.10250168319152
"mayo1261",4.25122929025477
"maza1291",4.04274190700159
"mbaa1245",4.41661331636851
"mbal1255",4.21432176688822
"mbar1253",2.96654269075066
"mbay1241",3.4158706869106
"mbee1249",4.21240978575155
"mboc1235",4.29706829894173
"mbuk1240",3.93955684402937
"mbuk1243",3.19670325852894
"mbum1254",4.05599699700763
"mbuu1238",4.40997709299317
"mbya1239",4.50364168534898
"medu1238",4.58212443950298
"meen1242",3.42138241696382
"mehi1240",3.76686679552455
"mehr1241",3.22089924704495
"mend1266",3.801873580934
"mere1246",3.25335263121636
"meru1245",4.3164722276395
"mesc1238",3.94735445164606
"mesq1240",3.15237114759061
"meta1238",4.18106505829424
"mewa1250",3.68515581366513
"mezq1235",4.08891410107084
"mfum1238",4.25901539044523
"mich1245",5.04404740152308
"miju1243",4.04963870704886
"mina1268",4.65673040349056
"mind1253",4.42959739758196
"ming1252",3.87290003839674
"mini1256",4.11113631416057
"minn1241",4.36510832132556
"mira1251",2.99677245756323
"miri1266",4.80907681260053
"miya1259",4.66317756467194
"mmaa1238",4.18438634780634
"mmen1238",4.48473710000693
"moch1256",4.36440344339793
"moco1246",4.48955553192153
"mode1248",4.03109821617202
"mofu1248",3.36018175556288
"moke1242",4.1584451218831
"mokl1243",4.26105411744393
"mokp1239",4.42175535093014
"moks1248",4.87702017849549
"molo1266",3.36868109790277
"mong1338",4.34972276923153
"mono1269",4.06591530008574
"mono1270",4.11342439341269
"mori1268",3.98473609725291
"moro1284",3.50950827445989
"moro1285",4.31791996512399
"moro1292",3.23555489638662
"moru1253",3.5559303680474
"moss1236",4.10172562883862
"motl1237",4.18052386967294
"moyo1238",4.06793688177154
"mpad1242",3.41533495015018
"mpon1254",3.85641227094499
"mudb1240",3.58757849951169
"mudh1235",4.01217117492168
"mufi1238",3.27367788250346
"muin1242",4.14748313285627
"mull1237",4.2586522970602
"muna1247",4.13239521889608
"mund1320",4.50884722766225
"mund1325",4.00541651955782
"mund1326",4.31538507877472
"mund1327",4.09809232811497
"mund1328",4.44167322584923
"mund1330",3.94287754572509
"mung1266",4.28151719173345
"munj1244",3.9432621285205
"murl1244",3.32497297309364
"murr1258",3.66838378015205
"murs1242",3.309127667563
"muru1266",3.65993029595678
"muru1274",3.91064408264346
"muya1243",3.2626520648264
"mwag1236",3.00860195656395
"mwal1237",4.73534011116556
"mwan1247",4.45120591656972
"mwan1250",3.64217156228728
"myen1241",4.19037540371713
"naas1242",3.5544061980122
"nade1244",3.93434271542691
"nafa1258",4.02674606292944
"najd1235",3.04417730080452
"naka1260",4.59037998883468
"naki1238",3.87442373078357
"nama1264",4.56152440404688
"nami1256",3.50277359748303
"nana1257",4.4641182844168
"nand1266",3.36312159754568
"nang1259",3.9394625041683
"nank1250",3.95424638658849
"nant1250",3.76914185577764
"napo1242",4.0706694337492
"nari1240",3.21033670527875
"narp1239",3.50365199084116
"naru1238",3.33837805757028
"nate1242",3.9788386319545
"natu1246",4.11795245130554
"nauk1242",4.46048375835369
"nava1243",3.98246925171778
"nawd1238",4.04603547129224
"nawu1242",4.50582363196163
"naxi1245",3.98700571984647
"ncan1245",4.10759206173499
"ndai1238",4.04280195789736
"ndal1241",4.21087076796694
"ndam1239",4.33302976339278
"ndem1249",4.2865641079201
"ndog1248",4.39759418944561
"ndon1254",4.09771424095049
"ndut1239",3.94736676884605
"ndzw1235",4.44228823981316
"nene1249",4.69302169908948
"nepa1253",3.81055062724246
"nepa1254",3.77530492246555
"newa1246",3.94484222434259
"nezp1238",3.93269456272936
"ngaa1240",3.2675382524055
"ngad1261",4.04596953005043
"ngal1292",3.18090442159579
"ngam1268",3.18771363936498
"ngan1291",4.87319883788973
"ngan1295",3.3373508154877
"ngan1299",3.93846691309094
"ngan1300",4.06892918264591
"ngar1235",3.52254789325467
"ngar1283",3.62523615836322
"ngar1284",4.20200894479111
"ngar1287",3.14554621895412
"ngar1288",3.45921630648193
"ngas1238",2.76254772702028
"ngas1240",2.68448984615664
"ngaz1238",4.68123160191693
"ngba1285",4.49146353503858
"ngem1255",4.48278569668256
"ngie1241",4.54594892936525
"ngit1239",3.40642080171275
"ngiz1242",2.81068547855595
"ngom1271",4.55457666586105
"ngom1272",4.30908697359258
"ngos1238",4.36069738063396
"ngwe1238",4.45644547046722
"nhan1238",3.3419864382478
"nhen1239",4.26110912345144
"nhuw1239",3.08532864879172
"nias1242",4.28445790732516
"niel1243",3.88509000955862
"nige1253",4.28718903032379
"nige1255",4.0965953276128
"nija1241",2.946684077054
"nina1238",3.64325368193923
"ning1273",3.42119076700651
"nisg1240",4.05858646408217
"niva1238",4.11826989187447
"njeb1242",4.48316114960694
"njye1238",4.12383687643706
"nkon1248",4.42900793742375
"nobi1240",3.38245366817002
"noma1260",3.75534553546517
"noma1263",3.81408026342171
"noon1243",3.92048889886514
"nort2626",3.77088153473659
"nort2627",3.49561133055684
"nort2641",3.89678159305094
"nort2646",4.03929868195047
"nort2671",4.79473975191894
"nort2684",3.92900669689745
"nort2686",3.90473521082663
"nort2690",3.77989535318417
"nort2697",4.02432283083355
"nort2699",4.00530892974607
"nort2722",3.67980102602015
"nort2735",3.95530777738312
"nort2740",3.7972105690818
"nort2741",3.70107206993472
"nort2745",3.54484185562885
"nort2765",4.10487787977313
"nort2774",4.01262560560893
"nort2775",4.17829147787738
"nort2780",4.03816548839068
"nort2784",4.10123600228888
"nort2787",3.73371080020238
"nort2795",3.8905636795175
"nort2810",4.63159764293516
"nort2815",3.16890870404615
"nort2819",3.72037994035051
"nort2845",4.1634105030084
"nort2943",4.23413265268025
"nort2954",4.36613787616944
"nort2957",4.85142163510169
"nort2972",4.53623602664105
"nort2976",3.82189494737137
"nort2979",3.95098238603911
"nort2980",4.08487332774379
"nort2984",3.75371426908367
"nort3047",3.15672189278865
"norw1258",3.20753913036019
"ntch1242",3.89840271321383
"ntom1248",4.12636334370673
"nucl1235",3.92850252474472
"nucl1240",4.23224210663694
"nucl1290",3.82370303748799
"nucl1301",4.09186205794797
"nucl1302",3.9558391868747
"nucl1305",4.33387392705237
"nucl1310",4.08830037711092
"nucl1327",4.46751138756578
"nucl1339",4.84087920305521
"nucl1347",4.12329287278336
"nucl1417",4.34464872995506
"nucl1418",4.48505707911585
"nucl1440",3.3146319497987
"nucl1454",4.8628380339979
"nucl1460",3.95905025315991
"nucl1620",4.1548180387396
"nucl1632",4.47499161267948
"nucl1633",3.65771978271977
"nucl1634",4.43953858239692
"nucl1643",4.48264564765
"nucl1649",4.23153314006524
"nucl1683",3.13358703569937
"nucl1695",2.53358565031953
"nucl1696",2.65727298159335
"nuer1246",3.07513389574602
"nugu1242",4.38274358988075
"nuka1242",4.50456836261786
"nung1283",3.79707126852818
"nung1290",3.27386480198693
"nupe1254",4.25322798992801
"nuuc1236",3.93627450870657
"nyab1255",4.38904146574375
"nyah1250",3.59167290909534
"nyam1271",3.02802798670509
"nyam1276",4.37231046243274
"nyam1277",4.50180211392653
"nyam1285",2.63370193291746
"nyan1301",3.196153581415
"nyan1307",4.50304716404084
"nyan1313",3.29459933535222
"nyaw1247",3.41345904076653
"nyeu1238",4.36921469763928
"nyig1240",3.96425092543994
"nyis1236",3.78875206010741
"nyol1238",4.27676351671341
"nyon1241",4.10470256639025
"nyun1247",3.11541456958702
"nzim1238",4.37513029569968
"obol1243",3.85819097564429
"ocai1244",3.93253786040654
"occi1239",3.28196940342657
"ofay1240",4.17577179583794
"ogbi1239",3.6331555022639
"okuu1243",4.35096901370729
"olub1238",3.30771253432768
"olut1240",4.16015689220044
"omag1248",4.34049603414696
"onei1249",3.95059899438623
"onge1236",4.06477287106577
"opuu1239",4.31222638234788
"orej1242",3.7198897098791
"oriy1255",4.14025016457618
"orma1241",2.81782354990994
"ormu1247",3.83492805415171
"orok1266",3.82874814031336
"orok1269",4.18526732402079
"orow1243",4.62191470278887
"osse1243",4.14550371376996
"otor1240",4.32847740783193
"otuh1238",2.95189687066316
"paca1246",4.95495152109225
"paco1243",4.38025310792147
"pagi1243",4.31525949932422
"pait1244",4.04033853898435
"pait1247",4.32259410910214
"paiw1248",4.27114158593734
"paka1251",3.31086785787878
"pala1344",4.10990590971479
"pali1279",3.90940119092196
"palo1243",3.89099616487456
"pamp1243",4.4682177518971
"pana1305",4.70267890228119
"pana1307",3.82663608732799
"pang1287",4.40067341434256
"pang1290",4.35686465071241
"panj1256",3.53558052970429
"pano1254",5.11862094910557
"pany1241",2.94407548642903
"paok1235",4.21737042878648
"papa1238",4.12984381120901
"para1301",3.8731937951364
"para1310",4.73015588377076
"para1311",4.21813824751745
"para1312",4.4439245200246
"para1315",3.90569143769607
"para1316",3.78916386370551
"pare1266",4.23883774095967
"pare1272",3.65628661106902
"park1239",3.29320344870663
"pate1247",4.17860320339836
"patt1248",2.88783019848755
"paum1247",3.63569315578997
"pech1241",4.97400828310987
"pemo1245",4.51742962699779
"pemo1248",4.34296234103005
"peng1244",3.9339690685886
"pero1241",2.62196055214883
"peta1245",4.59057160716634
"peve1243",2.87193603764535
"phai1238",4.12667207548808
"phal1254",3.64125360432627
"phut1244",3.96894288740595
"piap1246",3.51503308250912
"piar1243",3.772594983375
"pich1237",3.51997064903705
"picu1248",4.17419225980274
"pila1245",4.23739520098224
"pint1250",3.43850638154053
"piny1238",4.28750429154855
"pira1254",3.41846767587644
"pisa1245",3.4522168266865
"pite1240",4.86860971013583
"pitj1243",3.239789195141
"plat1254",4.37095202433766
"pnar1238",4.01157268848783
"pohn1238",4.15250048963
"poko1263",3.25874621367534
"poli1260",3.66707361373121
"popt1235",3.76987980870674
"port1283",3.33164182944419
"pott1240",3.84456724801283
"pula1262",3.86345335897559
"pula1263",3.94510429153168
"puoc1238",4.07267813869355
"pure1242",4.68290267909704
"puri1258",3.08188899797448
"pwon1235",4.28264012786635
"qaqe1238",3.88459742360011
"qaua1234",3.58715239767376
"qawa1238",3.54986334721078
"qima1242",3.57682097169221
"quec1382",4.5884338490973
"quio1240",4.26121249156139
"rajb1243",4.02301505697312
"rama1270",4.63793678596053
"ravu1237",4.24736202817118
"rawa1265",3.82142484556456
"reel1238",3.08516840983733
"remb1249",3.4050202974499
"rend1243",2.86093611146564
"resi1247",3.68229479407945
"reye1240",4.83292303238955
"rikb1245",4.01235602057726
"rita1239",2.88825973526593
"roma1326",3.18159412007332
"roma1327",3.25969997917219
"rong1268",3.6978368594474
"roto1249",3.58044061431394
"ruka1240",4.00303824966133
"rund1242",4.45562401292841
"russ1263",3.57836565420813
"russ1264",4.09214724282978
"rusy1239",3.51877792885527
"rutu1240",4.40233282971673
"saam1283",4.37511192723448
"saba1262",3.30857430759257
"saba1265",4.36204674258504
"saba1268",3.95359739134904
"saek1240",3.75401941655068
"saki1248",3.86636815576017
"sala1264",4.0584833197322
"sala1272",4.1009243689757
"sali1298",3.72461430719345
"samb1305",4.01470414580688
"samo1303",4.67696798466636
"sanj1284",3.81129312408735
"sanm1287",4.07468504025635
"sanm1289",4.24156019282927
"sanm1295",4.48748153040621
"sanm1298",4.1313929854394
"sant1410",4.36701206148216
"sant1432",3.93185695272476
"sanu1240",3.36184479067035
"sasa1249",4.49377201437018
"sata1237",4.33542483875702
"sate1243",4.16914233833806
"saur1248",4.00303474948487
"saur1249",3.7107300960851
"saxw1241",4.62367280427726
"saya1246",2.83967296954605
"sayu1241",4.02443782559543
"scot1243",3.83348993667854
"scot1245",3.35160622209097
"seba1251",3.10657289063604
"seco1241",3.49896889281514
"seda1262",4.14304190644432
"seim1238",3.85077924499576
"sekp1241",4.42353778396512
"sela1259",3.72665079492281
"sele1249",4.4837119729379
"sele1250",4.19193571321588
"selk1253",5.0560894370049
"seme1247",3.84050792427871
"sena1262",4.15515699801858
"sene1264",3.76237084107192
"sera1259",3.72162585673513
"sere1260",4.29517625307132
"sgaw1245",4.35195818470057
"shan1277",3.6426122048971
"shan1282",3.73725635134803
"shan1283",4.91891923613442
"shar1245",4.80928525724175
"shaw1249",3.70861874041458
"sheh1240",3.24196932430442
"sher1255",3.34029912568134
"shil1265",3.01756870060688
"shin1264",3.63409846972322
"shix1238",4.19104356437177
"shon1251",4.11139646761889
"shua1257",4.22587038088339
"shum1243",3.11008897758278
"shus1248",3.84439603131728
"shwa1239",3.92684844086276
"siar1238",4.58991859170829
"sich1238",3.79396098413238
"sida1246",2.67824091598485
"sikk1242",3.20010505027475
"siks1238",3.83180253055952
"silt1240",2.85116089679027
"sind1272",3.75842637779381
"sinh1246",4.15315858462509
"sion1247",3.50963630818163
"sipa1247",4.19184207424713
"siri1273",4.30934100478636
"siri1274",3.78871288533419
"siss1242",4.09893045904025
"siwi1239",3.15960549705381
"siwu1238",4.32852133374806
"skol1241",4.73495512327405
"slov1268",3.02291629177688
"slov1269",3.45785174739695
"soch1239",3.95407432236037
"soma1255",2.86618239589904
"soni1259",3.92294713665081
"sooo1256",3.42085840436676
"soqo1240",3.1811139945895
"sora1254",4.21466944823823
"sout2642",3.78800023857345
"sout2672",3.80627963078572
"sout2674",4.70245434036778
"sout2679",4.80980449919304
"sout2697",4.0199353350513
"sout2729",3.79261327202742
"sout2746",3.85627072276291
"sout2750",3.80608184067562
"sout2774",3.47050534619351
"sout2789",3.70843097793221
"sout2790",3.91010019906485
"sout2795",4.14528990601522
"sout2807",4.0228992525313
"sout2828",3.46864392291973
"sout2832",3.47772814171724
"sout2833",3.18558335434908
"sout2840",3.73013550393873
"sout2844",3.65132074409757
"sout2856",4.20663367519767
"sout2895",4.09110017124235
"sout2918",4.3002504351816
"sout2949",3.9095284884451
"sout2956",3.8557831545377
"sout2985",4.45799394132895
"sout2991",3.86155825231859
"sout2994",3.5463570839389
"spit1240",3.12369022976453
"spok1245",3.91643563675206
"squa1248",4.38871207253099
"stan1288",3.1947354141176
"stan1289",3.39617296206881
"stan1290",3.08933360730793
"stan1293",3.74717732739271
"stan1295",3.67343193899833
"stan1306",4.78400224656308
"stan1318",3.2269154510895
"stod1241",3.20869719501852
"suba1252",4.51852821596105
"subi1246",4.38740232381288
"suda1236",3.22319039670795
"suen1241",4.1777862191652
"suga1248",4.39620062913431
"suii1243",3.9915767525008
"suku1261",4.33863316925707
"sumb1240",4.41742408386004
"sumi1235",3.84218646756245
"sund1252",4.28484697065793
"suri1267",3.38423532460891
"surs1246",4.47684488819432
"suru1262",4.12892434794513
"suru1263",3.66958036820269
"susu1250",3.46107290059173
"suya1243",3.84976564918049
"svan1243",3.77857691196654
"swah1253",4.37469789852058
"swed1254",3.61084707258033
"swis1247",3.52998157387686
"taba1266",3.78389217306897
"taca1256",4.87511324395572
"tach1250",3.44706477258403
"tada1238",4.5761844544914
"taga1270",4.42236678418702
"tagw1240",4.11216705725124
"taha1241",3.30510792792667
"taid1248",4.04567065122945
"taid1249",4.07720524411707
"tain1252",3.71889364435431
"taji1245",3.86840106051164
"talo1250",4.10851180846899
"tama1331",4.0866552936068
"tama1365",3.45393468081744
"tami1289",4.26738533281602
"tamn1235",3.90329197308767
"tamp1252",4.14260182430386
"tana1290",4.03174301330046
"tang1336",3.94248687862771
"tani1257",3.60904605761134
"tapi1253",4.25703087891336
"tapi1254",4.47015247449351
"tari1256",3.30557479784732
"taro1263",4.3231289976556
"taro1264",3.92420316954756
"tase1235",4.14166554835391
"tata1255",4.2239386547566
"tata1257",4.01120850970821
"tatu1247",3.87467159083409
"taus1251",4.3129681314433
"tawa1286",3.31040188603518
"teda1241",4.72681735641682
"tedi1235",3.81523465909677
"teee1242",3.88731492276548
"teen1242",4.15152412052888
"tehu1242",3.64730869763004
"teke1280",4.43998429577334
"tele1256",4.46603385397002
"telu1262",4.01924744814768
"temb1276",4.35525810860443
"temi1246",4.08059957114921
"temm1241",4.1883358751164
"tena1240",4.08300022747218
"teng1272",4.00201107808516
"tenh1241",4.00689060416513
"tepo1239",4.53564830928414
"tera1251",3.12189803815551
"tere1279",3.72853905081802
"tern1247",4.81050805540635
"ters1235",4.58166183617674
"tese1238",5.01155269578197
"tetu1245",4.25484126353283
"tewa1260",4.22767997875254
"texi1237",4.08660732692629
"thad1238",3.88142484581221
"thai1261",3.83911970430199
"thak1245",3.28542297954228
"thay1249",3.19988117104338
"thul1246",3.65113335424266
"tiag1235",4.3256884044992
"tibe1272",3.27491830177578
"ticu1245",4.42787240852666
"tiey1235",3.74859208527435
"tiga1245",4.47410668097573
"tigo1236",4.47931591798421
"tigr1270",3.09486838138755
"tigr1271",3.39822124595157
"tika1246",4.23473207057466
"tilq1235",3.92232472502205
"timn1235",4.27152636285061
"tinp1237",4.38027877109692
"tira1254",4.22002277971914
"tiru1241",4.26188131117984
"tivv1240",4.36246930276165
"tlac1235",3.95220004168557
"tlin1245",3.68140001734426
"toar1246",4.11327303100562
"toba1269",4.43548640189331
"toca1235",4.35287277445205
"toch1257",4.13010498905756
"toda1252",4.28371749687879
"tofi1235",4.43460282920164
"toho1245",4.47477538618934
"toll1241",4.22877925039574
"tong1318",4.15471596427231
"tong1325",4.45354128700287
"topo1242",2.88977416334172
"toro1252",3.7651603582624
"torw1241",3.84395156738864
"tosk1239",3.90120882473342
"tote1238",4.33741938811591
"toto1305",4.42418429455669
"tour1242",3.65462027774983
"trin1274",3.6977125108347
"trio1238",4.62745266574776
"tsam1247",2.96697512485264
"tsha1245",2.99887093928502
"tsot1241",4.36345425668628
"tsou1248",3.95312448287195
"tsuv1239",4.37835876094464
"tuca1252",3.56910003197305
"tuka1248",4.10695325202906
"tuki1240",4.04439800328667
"tuli1249",3.6575354297942
"tulu1258",4.04791289821103
"tumt1243",3.69568831828618
"tune1261",3.79930898796608
"tuni1251",3.87395138048267
"tupa1250",3.991651274086
"tupu1244",4.05615305330811
"turk1304",3.95942494876562
"tuuu1240",4.21464224123968
"tuvi1240",3.96962065707071
"tuyu1244",3.44475773878545
"tzel1254",3.95516694370997
"tzot1259",4.22161376330574
"tzut1248",3.92955231595081
"ucay1237",3.5604954168304
"udih1248",4.46491598871644
"udmu1245",4.64140317120226
"uduk1239",4.34346884309566
"uigh1240",3.6775549736599
"ukra1253",3.59401949405308
"ulwa1239",4.00143482796737
"umbu1256",3.24487460719782
"umbu1257",3.92624099414472
"umpi1239",3.31573796278664
"uppe1395",3.6520149985372
"uppe1400",3.72212836924536
"urdu1245",3.66685881227399
"urii1240",4.3490226227807
"urni1239",4.77037631175095
"urub1250",4.18556836958247
"urue1240",4.23956404712666
"usan1239",4.17152310902495
"usar1243",4.5631433776024
"utes1238",4.59825159180736
"vaag1238",3.68927020230124
"vagl1239",4.19490508384043
"vaii1241",3.62980182759526
"vame1236",3.42923495476416
"vani1248",4.21796640305903
"varl1238",4.12635325404963
"veng1238",4.21385043918979
"veps1250",4.58982106124687
"viet1252",4.00687769601653
"vlax1238",3.62366255489475
"voti1245",4.5089892906702
"vute1244",3.88512701694226
"waam1244",4.0900458242315
"waga1260",3.26334896252388
"waim1251",4.10621115318515
"waim1253",4.54326177857652
"waim1255",3.87532359245439
"waiw1244",4.63987155872545
"waja1257",3.19302449438754
"waka1274",4.01405779451179
"wakh1245",3.55634134004722
"walm1241",3.48831457189628
"walu1241",3.317675995383
"wamb1258",3.53582637508528
"wamb1259",4.72313423580443
"wame1240",3.95877816110959
"wand1278",3.29519540242728
"wane1241",3.84028529324907
"wang1291",3.4493042432959
"wanm1242",3.65235821393246
"wann1242",3.53752105844291
"want1252",4.58571294718205
"wany1247",4.18789635053735
"wapi1253",3.6441138656176
"wara1290",2.67612982541125
"ward1246",4.58029176146915
"wari1266",4.06656970442487
"wari1268",4.59679394720069
"warl1254",3.50777490646953
"warl1255",3.47613344608124
"warl1256",3.02318852137183
"warr1255",3.48844987786104
"waru1265",3.15960774029764
"waur1244",3.73446833408742
"wawa1246",3.96172882044679
"waya1269",4.48004090964183
"waya1270",4.1743960091366
"wayu1241",3.7024989865647
"wayu1243",3.75107713113422
"wehh1238",4.32957533456727
"wels1247",3.8229736042004
"weno1238",4.5573138777682
"west2354",3.75495126100419
"west2368",3.69847576859457
"west2369",3.83071908393969
"west2392",4.83113853724354
"west2397",4.29684317357566
"west2408",4.17817334983937
"west2441",3.28293028942194
"west2443",3.24426435693733
"west2450",3.88270811498018
"west2454",3.8109404064946
"west2456",4.74642634806763
"west2458",4.09639472779415
"west2466",4.26528250649797
"west2500",3.74718203320186
"west2560",4.41276116525503
"west2600",4.59352008907466
"west2632",5.27505394291211
"west2644",3.62729512418867
"wich1264",4.61583917410909
"wikm1247",3.37868913725608
"wikn1245",3.27568883852737
"wikn1246",3.32583554248483
"wira1262",3.62496420441206
"woge1237",4.38423166347041
"wola1242",4.39581226793683
"wong1247",4.24422593122551
"woun1238",4.40345330916175
"wuch1236",4.52021367138207
"wuna1249",4.41854480217873
"wuzl1236",3.29706140764122
"wymy1235",3.59866291299645
"xamt1239",3.46377121567902
"xava1240",3.69256170589563
"xere1240",3.71983422297029
"xeta1241",4.08269524286237
"xhos1239",3.88912702118601
"xing1248",4.36074776544681
"xokl1240",3.81885262690703
"xwel1235",4.58739964403423
"yaba1248",4.46109444183591
"yaga1260",4.24667041976493
"yagn1238",4.01183736900453
"yagu1244",4.19474559457706
"yaku1245",4.17362406588178
"yala1263",4.45872231636193
"yalu1240",3.45426203282365
"yamb1251",4.37192425485264
"yamb1252",4.04683014856031
"yami1256",4.8491719024193
"yand1253",3.22162842883624
"yane1238",3.67248760179724
"yang1288",4.60588481509058
"yank1247",3.28315894459117
"yann1237",3.10701618100452
"yano1261",3.57175672732887
"yano1262",3.52027164048002
"yans1239",4.18735580862687
"yany1243",3.17553339329692
"yaoo1241",4.24446470588819
"yaou1238",3.77134190109573
"yape1248",4.37360183660251
"yaqu1251",4.96305312625819
"yare1248",3.2413824625867
"yaro1235",3.54516970174995
"yawa1260",4.91370460537778
"yawa1261",3.94758143399155
"yawu1244",3.98502702973712
"yekh1238",4.06836900173762
"yemb1246",4.46064446592815
"yems1235",4.05530861967084
"yeru1240",4.20362683128615
"yess1239",3.63880514745356
"yeyi1239",4.46411388341016
"yidi1250",3.40251047633572
"yill1241",3.58753101193149
"yind1247",2.96696242058075
"yine1238",3.94719541915003
"yinh1234",2.83413310180406
"yiry1245",3.32855816525074
"yomm1242",4.04866135386688
"yong1270",4.10081390057064
"yora1241",4.80495026376182
"yoru1245",4.65930859396621
"yuca1254",4.05934199491824
"yucu1253",3.28365182969396
"yuec1235",4.01838227409729
"yuhu1238",4.03999981758854
"yukp1241",4.78279843396956
"yulp1239",3.36415804049093
"yulu1243",3.09940417066975
"yuqu1240",4.34243662616882
"yuru1263",3.37042386687271
"zagh1240",4.34585475646158
"zaiw1241",4.34012181245539
"zand1248",4.03968313500077
"zapa1253",3.70986796791991
"zarm1239",4.56722583556225
"zayy1238",2.91672488077368
"zhon1235",3.28908174237392
"zinz1238",4.33870352504568
"zoee1240",4.34725053854783
"zoog1238",3.60262704368446
"zulg1242",3.17229883317122
"zulu1248",3.81268659571661
